event_id,source_id,record_id,attempted_url,utc,http_status_or_error,failure_class,retryable,fallback_attempted,event_kind,evidence_origin,record_json
ASSET:C01-A01,C01,C01,https://codeload.github.com/flintlib/flint/tar.gz/2b0788802abf62ec29d8e4a8f917993606e517e0,2026-09-30T15:56:20.206915+00:00,200,,,,SUCCESSFUL_PAYLOAD_RETRIEVAL,assets,"{""asset_id"": ""C01-A01"", ""batch"": ""acquired"", ""bytes"": 8702721, ""final_url"": ""https://codeload.github.com/flintlib/flint/tar.gz/2b0788802abf62ec29d8e4a8f917993606e517e0"", ""headers"": {""Content-Length"": null, ""Content-Type"": ""application/x-gzip"", ""ETag"": ""\""a0019d915c23b38f07f5e36f30b3f85d1e7af1ec719ea40f4b141088322bc9c7\"""", ""Last-Modified"": null}, ""http_status"": 200, ""path"": ""acquired/code/C01.tar.gz"", ""representation"": ""SOURCE_ARCHIVE_SNAPSHOT"", ""requested_url"": ""https://codeload.github.com/flintlib/flint/tar.gz/2b0788802abf62ec29d8e4a8f917993606e517e0"", ""retrieved_utc"": ""2026-09-30T15:56:20.206915+00:00"", ""sha256"": ""108ab51a4dd33918ff3308f0c63a63616ae30a2c174d50c9188676e85011346f"", ""source_id"": ""C01""}"
ASSET:C02-A01,C02,C02,https://codeload.github.com/flintlib/flint/tar.gz/8d5454b96761fafe4d5a9da76a369a602f500f49,2026-09-30T15:56:20.834373+00:00,200,,,,SUCCESSFUL_PAYLOAD_RETRIEVAL,assets,"{""asset_id"": ""C02-A01"", ""batch"": ""acquired"", ""bytes"": 8788567, ""final_url"": ""https://codeload.github.com/flintlib/flint/tar.gz/8d5454b96761fafe4d5a9da76a369a602f500f49"", ""headers"": {""Content-Length"": null, ""Content-Type"": ""application/x-gzip"", ""ETag"": ""\""5e06cfb6e9668a98121bb860c7f9ad5101854eb4b3a8e832db5aebe5601416c3\"""", ""Last-Modified"": null}, ""http_status"": 200, ""path"": ""acquired/code/C02.tar.gz"", ""representation"": ""SOURCE_ARCHIVE_SNAPSHOT"", ""requested_url"": ""https://codeload.github.com/flintlib/flint/tar.gz/8d5454b96761fafe4d5a9da76a369a602f500f49"", ""retrieved_utc"": ""2026-09-30T15:56:20.834373+00:00"", ""sha256"": ""79a28883dab913f1d3d8765b9e6ddd79e88995fe86b991005444189ddfc14c6b"", ""source_id"": ""C02""}"
ASSET:C03-A01,C03,C03,https://codeload.github.com/flintlib/arb/tar.gz/af15c0070a6d9fbc551a2cbf23364387233b18e3,2026-09-30T15:56:20.837872+00:00,200,,,,SUCCESSFUL_PAYLOAD_RETRIEVAL,assets,"{""asset_id"": ""C03-A01"", ""batch"": ""acquired"", ""bytes"": 2011997, ""final_url"": ""https://codeload.github.com/flintlib/arb/tar.gz/af15c0070a6d9fbc551a2cbf23364387233b18e3"", ""headers"": {""Content-Length"": null, ""Content-Type"": ""application/x-gzip"", ""ETag"": ""\""9c35639a7162dc808f981096c62b0742c4bd880c1f9682755692bec55a70809e\"""", ""Last-Modified"": null}, ""http_status"": 200, ""path"": ""acquired/code/C03.tar.gz"", ""representation"": ""SOURCE_ARCHIVE_SNAPSHOT"", ""requested_url"": ""https://codeload.github.com/flintlib/arb/tar.gz/af15c0070a6d9fbc551a2cbf23364387233b18e3"", ""retrieved_utc"": ""2026-09-30T15:56:20.837872+00:00"", ""sha256"": ""19ee5f352b25f620a13b17797eef6f3a8a1deff2ef4ab677a819869519a517a1"", ""source_id"": ""C03""}"
ASSET:C04-A01,C04,C04,https://codeload.github.com/numpy/numpy/tar.gz/c3d60fc8393f3ca3306b8ce8b6453d43737e3d90,2026-09-30T15:56:22.136260+00:00,200,,,,SUCCESSFUL_PAYLOAD_RETRIEVAL,assets,"{""asset_id"": ""C04-A01"", ""batch"": ""acquired"", ""bytes"": 9691640, ""final_url"": ""https://codeload.github.com/numpy/numpy/tar.gz/c3d60fc8393f3ca3306b8ce8b6453d43737e3d90"", ""headers"": {""Content-Length"": null, ""Content-Type"": ""application/x-gzip"", ""ETag"": ""\""5965f28acb0f2b49d630efd7417ba46d024c7bbfb985c5c4ddd59b4dbc6652f0\"""", ""Last-Modified"": null}, ""http_status"": 200, ""path"": ""acquired/code/C04.tar.gz"", ""representation"": ""SOURCE_ARCHIVE_SNAPSHOT"", ""requested_url"": ""https://codeload.github.com/numpy/numpy/tar.gz/c3d60fc8393f3ca3306b8ce8b6453d43737e3d90"", ""retrieved_utc"": ""2026-09-30T15:56:22.136260+00:00"", ""sha256"": ""49e3441dce6a47cb1c752cae7e23eed2f5900f23bd28a1bf514f7e336f87b242"", ""source_id"": ""C04""}"
ASSET:C05-A01,C05,C05,https://codeload.github.com/CAPDGroup/CAPD/tar.gz/03dc5628203334b214bb7d9fd63788a175521005,2026-09-30T15:56:21.659553+00:00,200,,,,SUCCESSFUL_PAYLOAD_RETRIEVAL,assets,"{""asset_id"": ""C05-A01"", ""batch"": ""acquired"", ""bytes"": 3126305, ""final_url"": ""https://codeload.github.com/CAPDGroup/CAPD/tar.gz/03dc5628203334b214bb7d9fd63788a175521005"", ""headers"": {""Content-Length"": null, ""Content-Type"": ""application/x-gzip"", ""ETag"": ""\""faf17b449da099af958a807bdf2f40f616ca8c78e5943763f59fe79640d63ae6\"""", ""Last-Modified"": null}, ""http_status"": 200, ""path"": ""acquired/code/C05.tar.gz"", ""representation"": ""SOURCE_ARCHIVE_SNAPSHOT"", ""requested_url"": ""https://codeload.github.com/CAPDGroup/CAPD/tar.gz/03dc5628203334b214bb7d9fd63788a175521005"", ""retrieved_utc"": ""2026-09-30T15:56:21.659553+00:00"", ""sha256"": ""79ea39ef4eb7138f3e5465a1c3c4388f663bd8a4604bd0d2f4ae102621136250"", ""source_id"": ""C05""}"
ASSET:C06-A01,C06,C06,https://codeload.github.com/spockcc/ccpe2025-richardson/tar.gz/f0566d63375c417cae3edb98c49188e2687b1b76,2026-09-30T15:56:23.590627+00:00,200,,,,SUCCESSFUL_PAYLOAD_RETRIEVAL,assets,"{""asset_id"": ""C06-A01"", ""batch"": ""acquired"", ""bytes"": 53676654, ""final_url"": ""https://codeload.github.com/spockcc/ccpe2025-richardson/tar.gz/f0566d63375c417cae3edb98c49188e2687b1b76"", ""headers"": {""Content-Length"": null, ""Content-Type"": ""application/x-gzip"", ""ETag"": ""\""3861c462a1e82014c612e1100a8282d661ad4300638a4c00f06c60fe6ab179dd\"""", ""Last-Modified"": null}, ""http_status"": 200, ""path"": ""acquired/code/C06.tar.gz"", ""representation"": ""SOURCE_ARCHIVE_SNAPSHOT"", ""requested_url"": ""https://codeload.github.com/spockcc/ccpe2025-richardson/tar.gz/f0566d63375c417cae3edb98c49188e2687b1b76"", ""retrieved_utc"": ""2026-09-30T15:56:23.590627+00:00"", ""sha256"": ""82f75f838457f6b011fc954114016d36f5b77500e0c63a3df2d995c6c6762caf"", ""source_id"": ""C06""}"
ASSET:C07-A01,C07,C07,https://codeload.github.com/chebfun/chebfun/tar.gz/7574c77680d7e82b79626300bf255498271a72df,2026-09-30T15:56:22.436627+00:00,200,,,,SUCCESSFUL_PAYLOAD_RETRIEVAL,assets,"{""asset_id"": ""C07-A01"", ""batch"": ""acquired"", ""bytes"": 2397694, ""final_url"": ""https://codeload.github.com/chebfun/chebfun/tar.gz/7574c77680d7e82b79626300bf255498271a72df"", ""headers"": {""Content-Length"": null, ""Content-Type"": ""application/x-gzip"", ""ETag"": ""\""04ec6afa3f1dff4dda00f85486fd3438bf40501ac2f0efb6a3e441b98027e981\"""", ""Last-Modified"": null}, ""http_status"": 200, ""path"": ""acquired/code/C07.tar.gz"", ""representation"": ""SOURCE_ARCHIVE_SNAPSHOT"", ""requested_url"": ""https://codeload.github.com/chebfun/chebfun/tar.gz/7574c77680d7e82b79626300bf255498271a72df"", ""retrieved_utc"": ""2026-09-30T15:56:22.436627+00:00"", ""sha256"": ""a9ec3194102c64e22376908ae974c2ee21b47ed4316b3e1996b110c789770e70"", ""source_id"": ""C07""}"
ASSET:C08-A01,C08,C08,https://www.mpfr.org/mpfr-4.2.2/mpfr-4.2.2.tar.xz,2026-09-30T15:56:23.616937+00:00,200,,,,SUCCESSFUL_PAYLOAD_RETRIEVAL,assets,"{""asset_id"": ""C08-A01"", ""batch"": ""acquired"", ""bytes"": 1505596, ""final_url"": ""https://www.mpfr.org/mpfr-4.2.2/mpfr-4.2.2.tar.xz"", ""headers"": {""Content-Length"": ""1505596"", ""Content-Type"": ""application/x-xz"", ""ETag"": ""\""16f93c-630c60c449bda\"""", ""Last-Modified"": ""Thu, 20 Mar 2025 13:23:47 GMT""}, ""http_status"": 200, ""path"": ""acquired/code/C08.tar.xz"", ""representation"": ""SOURCE_ARCHIVE_SNAPSHOT"", ""requested_url"": ""https://www.mpfr.org/mpfr-4.2.2/mpfr-4.2.2.tar.xz"", ""retrieved_utc"": ""2026-09-30T15:56:23.616937+00:00"", ""sha256"": ""b67ba0383ef7e8a8563734e2e889ef5ec3c3b898a01d00fa0a6869ad81c6ce01"", ""source_id"": ""C08""}"
ASSET:C09-A01,C09,C09,https://gmplib.org/download/gmp/gmp-6.3.0.tar.xz,2026-09-30T15:56:27.214623+00:00,200,,,,SUCCESSFUL_PAYLOAD_RETRIEVAL,assets,"{""asset_id"": ""C09-A01"", ""batch"": ""acquired"", ""bytes"": 2094196, ""final_url"": ""https://gmplib.org/download/gmp/gmp-6.3.0.tar.xz"", ""headers"": {""Content-Length"": ""2094196"", ""Content-Type"": ""application/octet-stream"", ""ETag"": ""\""64c51753-1ff474\"""", ""Last-Modified"": ""Sat, 29 Jul 2023 13:42:43 GMT""}, ""http_status"": 200, ""path"": ""acquired/code/C09.tar.xz"", ""representation"": ""SOURCE_ARCHIVE_SNAPSHOT"", ""requested_url"": ""https://gmplib.org/download/gmp/gmp-6.3.0.tar.xz"", ""retrieved_utc"": ""2026-09-30T15:56:27.214623+00:00"", ""sha256"": ""a3c2b80201b89e68616f4ad30bc66aee4927c3ce50e33929ca819d5c43538898"", ""source_id"": ""C09""}"
ASSET:C10-A01,C10,C10,https://gitlab.inria.fr/mpfi/mpfi/-/archive/1.5.4/mpfi-1.5.4.tar.gz,2026-09-30T15:56:24.953718+00:00,200,,,,SUCCESSFUL_PAYLOAD_RETRIEVAL,assets,"{""asset_id"": ""C10-A01"", ""batch"": ""acquired"", ""bytes"": 224960, ""final_url"": ""https://gitlab.inria.fr/mpfi/mpfi/-/archive/1.5.4/mpfi-1.5.4.tar.gz"", ""headers"": {""Content-Length"": null, ""Content-Type"": ""application/octet-stream"", ""ETag"": ""\""7143424ac95f32fb79856ffdb80091f8\"""", ""Last-Modified"": null}, ""http_status"": 200, ""path"": ""acquired/code/C10.tar.gz"", ""representation"": ""SOURCE_ARCHIVE_SNAPSHOT"", ""requested_url"": ""https://gitlab.inria.fr/mpfi/mpfi/-/archive/1.5.4/mpfi-1.5.4.tar.gz"", ""retrieved_utc"": ""2026-09-30T15:56:24.953718+00:00"", ""sha256"": ""66230dc64f308cd3c10451cb6f95e83439ee7cce057c3c372a16b77eb7ba419e"", ""source_id"": ""C10""}"
LEGACY:C10:0,C10,C10,https://perso.ens-lyon.fr/nathalie.revol/software/mpfi-1.5.4.tar.gz,,HTTP Error 404: Not Found,HTTP_404_NOT_FOUND,0,,HISTORICAL_ATTEMPT,attempts,"{""batch"": ""acquired"", ""error"": ""HTTP Error 404: Not Found"", ""url"": ""https://perso.ens-lyon.fr/nathalie.revol/software/mpfi-1.5.4.tar.gz""}"
LEGACY:C10:1,C10,C10,https://perso.ens-lyon.fr/nathalie.revol/mpfi-1.5.4.tar.gz,,HTTP Error 404: Not Found,HTTP_404_NOT_FOUND,0,,HISTORICAL_ATTEMPT,attempts,"{""batch"": ""acquired"", ""error"": ""HTTP Error 404: Not Found"", ""url"": ""https://perso.ens-lyon.fr/nathalie.revol/mpfi-1.5.4.tar.gz""}"
ASSET:C12-MANUAL-R2-A1,C12,C12-MANUAL-R2,https://www.bmtdynamics.org/cosy/manual/COSYProgMan102.pdf,2026-09-30T21:55:13.533249+00:00,200,,,,SUCCESSFUL_PAYLOAD_RETRIEVAL,assets,"{""acquired_representation"": ""official_manual"", ""acquisition_utc"": ""2026-09-30T21:55:13.533249+00:00"", ""asset_id"": ""C12-MANUAL-R2-A1"", ""bytes"": 375207, ""final_url"": ""https://www.bmtdynamics.org/cosy/manual/COSYProgMan102.pdf"", ""http_metadata"": {""Content-Length"": ""375207"", ""ETag"": ""\""5b9a7-5f92c258677c0\"""", ""Last-Modified"": ""Wed, 12 Apr 2023 23:41:27 GMT""}, ""http_status"": 200, ""inspection"": {""format"": ""pdf"", ""pdf_magic_verified"": true}, ""mime_type_from_http"": ""application/pdf"", ""normalized_local_filename"": ""C12_MANUAL.pdf"", ""original_filename"": ""COSYProgMan102.pdf"", ""original_source_url"": ""https://www.bmtdynamics.org/cosy/manual/COSYProgMan102.pdf"", ""path"": ""recovery/files/C12_MANUAL.pdf"", ""representation"": ""official_manual"", ""requested_url"": ""https://www.bmtdynamics.org/cosy/manual/COSYProgMan102.pdf"", ""retrieved_utc"": ""2026-09-30T21:55:13.533249+00:00"", ""sha256"": ""18de0ffc8be0235443aa35bb830dff7ead5a21f521b54201a67e43eb4f28b2dd"", ""source_id"": ""C12-MANUAL-R2"", ""source_record_id"": ""C12_MANUAL""}"
ASSET:C12-WEB-R2-A1,C12,C12-WEB-R2,https://www.bmtdynamics.org/cosy/,2026-09-30T21:55:13.479401+00:00,200,,,,SUCCESSFUL_PAYLOAD_RETRIEVAL,assets,"{""acquired_representation"": ""web_snapshot"", ""acquisition_utc"": ""2026-09-30T21:55:13.479401+00:00"", ""asset_id"": ""C12-WEB-R2-A1"", ""bytes"": 56671, ""final_url"": ""https://www.bmtdynamics.org/cosy/"", ""http_metadata"": {""Content-Length"": ""56671"", ""ETag"": ""\""dd5f-5e7f15e502ac0\"""", ""Last-Modified"": ""Mon, 05 Sep 2022 17:25:39 GMT""}, ""http_status"": 200, ""inspection"": {""format"": ""html"", ""snapshot_not_full_site"": true}, ""mime_type_from_http"": ""text/html"", ""normalized_local_filename"": ""C12_OFFICIAL.html"", ""original_filename"": ""cosy"", ""original_source_url"": ""https://www.bmtdynamics.org/cosy/"", ""path"": ""recovery/files/C12_OFFICIAL.html"", ""representation"": ""web_snapshot"", ""requested_url"": ""https://www.bmtdynamics.org/cosy/"", ""retrieved_utc"": ""2026-09-30T21:55:13.479401+00:00"", ""sha256"": ""b510c5eeb46dc4d321425e73cfbedfc0be5ad08345cb1512adf87abd62dedb89"", ""source_id"": ""C12-WEB-R2"", ""source_record_id"": ""C12_OFFICIAL""}"
LEGACY:C12-MANUAL-R2:1,C12,C12-MANUAL-R2,https://www.bmtdynamics.org/cosy/manual/COSYProgMan102.pdf,2026-09-30T21:55:13.479443+00:00,200,,0,1,HISTORICAL_ATTEMPT,attempts,"{""attempted_url"": ""https://www.bmtdynamics.org/cosy/manual/COSYProgMan102.pdf"", ""failure_class"": null, ""fallback_attempted"": true, ""http_status_or_error"": 200, ""retryable"": false, ""utc"": ""2026-09-30T21:55:13.479443+00:00""}"
LEGACY:C12-WEB-R2:1,C12,C12-WEB-R2,https://www.bmtdynamics.org/cosy/,2026-09-30T21:55:13.243086+00:00,200,,0,1,HISTORICAL_ATTEMPT,attempts,"{""attempted_url"": ""https://www.bmtdynamics.org/cosy/"", ""failure_class"": null, ""fallback_attempted"": true, ""http_status_or_error"": 200, ""retryable"": false, ""utc"": ""2026-09-30T21:55:13.243086+00:00""}"
RECOVERY:C12_MANUAL:0,C12,C12-MANUAL-R2,https://www.bmtdynamics.org/cosy/manual/COSYProgMan102.pdf,2026-09-30T21:55:13.479443+00:00,200,,0,1,RECOVERY_ROUTE_ATTEMPT,recovery/ACQUISITION_RESULTS.json,"{""attempted_url"": ""https://www.bmtdynamics.org/cosy/manual/COSYProgMan102.pdf"", ""failure_class"": null, ""fallback_attempted"": true, ""http_status_or_error"": 200, ""original_route_parent_id"": ""C12"", ""original_route_record_id"": ""C12_MANUAL"", ""retryable"": false, ""utc"": ""2026-09-30T21:55:13.479443+00:00""}"
RECOVERY:C12_OFFICIAL:0,C12,C12-WEB-R2,https://www.bmtdynamics.org/cosy/,2026-09-30T21:55:13.243086+00:00,200,,0,1,RECOVERY_ROUTE_ATTEMPT,recovery/ACQUISITION_RESULTS.json,"{""attempted_url"": ""https://www.bmtdynamics.org/cosy/"", ""failure_class"": null, ""fallback_attempted"": true, ""http_status_or_error"": 200, ""original_route_parent_id"": ""C12"", ""original_route_record_id"": ""C12_OFFICIAL"", ""retryable"": false, ""utc"": ""2026-09-30T21:55:13.243086+00:00""}"
ASSET:C13-A01,C13,C13,https://www.tuhh.de/ti3/rump/AccSum.zip,2026-09-30T16:04:19.256977+00:00,200,,,,SUCCESSFUL_PAYLOAD_RETRIEVAL,assets,"{""asset_id"": ""C13-A01"", ""batch"": ""supplement"", ""bytes"": 25412, ""final_url"": ""https://www.tuhh.de/ti3/rump/AccSum.zip"", ""headers"": {""Content-Length"": ""25412"", ""Content-Type"": ""application/zip"", ""ETag"": ""\""6344-5b2b72958d480\"""", ""Last-Modified"": ""Wed, 28 Oct 2020 08:43:46 GMT""}, ""http_status"": 200, ""path"": ""supplement/documents/C13.zip"", ""representation"": ""SOURCE_ARCHIVE_SNAPSHOT"", ""requested_url"": ""https://www.tuhh.de/ti3/rump/AccSum.zip"", ""retrieved_utc"": ""2026-09-30T16:04:19.256977+00:00"", ""sha256"": ""2b7343326c58dc10dc75e456ff7b75346b017783c012d04f7e8a88cf5415fc44"", ""source_id"": ""C13""}"
ASSET:C14-A1,C14,C14,https://www2.math.uni-wuppertal.de/wrswt/xsc/pascal-xsc/software/petras/cinte.tgz,2026-09-30T21:55:13.058686+00:00,200,,,,SUCCESSFUL_PAYLOAD_RETRIEVAL,assets,"{""acquired_representation"": ""official_source_archive"", ""acquisition_utc"": ""2026-09-30T21:55:13.058686+00:00"", ""asset_id"": ""C14-A1"", ""bytes"": 46148, ""final_url"": ""https://www2.math.uni-wuppertal.de/wrswt/xsc/pascal-xsc/software/petras/cinte.tgz"", ""http_metadata"": {""Content-Length"": ""46148"", ""ETag"": ""\""b444-43b20c205e0c0\"""", ""Last-Modified"": ""Thu, 27 Sep 2007 16:49:47 GMT""}, ""http_status"": 200, ""inspection"": {""archive_integrity_verified"": true, ""executed"": false, ""extracted"": false, ""format"": ""tar"", ""member_count"": 13, ""members"": [""."", ""ade_ari.p"", ""ade_comf.p"", ""arith.p"", ""bi_ari.p"", ""cinte.p"", ""cinte_comf.p"", ""test1.p"", ""test2.p"", ""test3.p"", ""makefile"", ""formeln.p"", ""g_form.p""], ""top_level_directories"": [""."", ""ade_ari.p"", ""ade_comf.p"", ""arith.p"", ""bi_ari.p"", ""cinte.p"", ""cinte_comf.p"", ""formeln.p"", ""g_form.p"", ""makefile"", ""test1.p"", ""test2.p"", ""test3.p""]}, ""mime_type_from_http"": ""application/x-gzip"", ""normalized_local_filename"": ""C14_CINTE.tgz"", ""original_filename"": ""cinte.tgz"", ""original_source_url"": ""https://www2.math.uni-wuppertal.de/wrswt/xsc/pascal-xsc/software/petras/cinte.tgz"", ""path"": ""recovery/files/C14_CINTE.tgz"", ""representation"": ""official_source_archive"", ""requested_url"": ""https://www2.math.uni-wuppertal.de/wrswt/xsc/pascal-xsc/software/petras/cinte.tgz"", ""retrieved_utc"": ""2026-09-30T21:55:13.058686+00:00"", ""sha256"": ""bec41cca09213ca13df910deed5ea8c4ace7a85916f2eff2759c13095cb821ba"", ""source_id"": ""C14"", ""source_record_id"": ""C14_CINTE""}"
ASSET:C14-DOCS-R2-A1,C14,C14-DOCS-R2,https://www2.math.uni-wuppertal.de/wrswt/xsc/pascal-xsc/software/petras/description.html,2026-09-30T21:55:13.690076+00:00,200,,,,SUCCESSFUL_PAYLOAD_RETRIEVAL,assets,"{""acquired_representation"": ""web_snapshot"", ""acquisition_utc"": ""2026-09-30T21:55:13.690076+00:00"", ""asset_id"": ""C14-DOCS-R2-A1"", ""bytes"": 13487, ""final_url"": ""https://www2.math.uni-wuppertal.de/wrswt/xsc/pascal-xsc/software/petras/description.html"", ""http_metadata"": {""Content-Length"": ""13487"", ""ETag"": ""\""34af-48daf3cd18580\"""", ""Last-Modified"": ""Fri, 13 Aug 2010 07:14:46 GMT""}, ""http_status"": 200, ""inspection"": {""format"": ""html"", ""snapshot_not_full_site"": true}, ""mime_type_from_http"": ""text/html"", ""normalized_local_filename"": ""C14_DESCRIPTION.html"", ""original_filename"": ""description.html"", ""original_source_url"": ""https://www2.math.uni-wuppertal.de/wrswt/xsc/pascal-xsc/software/petras/description.html"", ""path"": ""recovery/files/C14_DESCRIPTION.html"", ""representation"": ""web_snapshot"", ""requested_url"": ""https://www2.math.uni-wuppertal.de/wrswt/xsc/pascal-xsc/software/petras/description.html"", ""retrieved_utc"": ""2026-09-30T21:55:13.690076+00:00"", ""sha256"": ""2779cb158769e41e2cb7d338eb6a79b7036f1f1c329e73ce747a5964f536e07e"", ""source_id"": ""C14-DOCS-R2"", ""source_record_id"": ""C14_DESCRIPTION""}"
LEGACY:C14-DOCS-R2:1,C14,C14-DOCS-R2,https://www2.math.uni-wuppertal.de/wrswt/xsc/pascal-xsc/software/petras/description.html,2026-09-30T21:55:13.058757+00:00,200,,0,1,HISTORICAL_ATTEMPT,attempts,"{""attempted_url"": ""https://www2.math.uni-wuppertal.de/wrswt/xsc/pascal-xsc/software/petras/description.html"", ""failure_class"": null, ""fallback_attempted"": true, ""http_status_or_error"": 200, ""retryable"": false, ""utc"": ""2026-09-30T21:55:13.058757+00:00""}"
LEGACY:C14:1,C14,C14,https://www2.math.uni-wuppertal.de/wrswt/xsc/pascal-xsc/software/petras/cinte.tgz,2026-09-30T21:55:12.002974+00:00,200,,0,1,HISTORICAL_ATTEMPT,attempts,"{""attempted_url"": ""https://www2.math.uni-wuppertal.de/wrswt/xsc/pascal-xsc/software/petras/cinte.tgz"", ""failure_class"": null, ""fallback_attempted"": true, ""http_status_or_error"": 200, ""retryable"": false, ""utc"": ""2026-09-30T21:55:12.002974+00:00""}"
RECOVERY:C14_CINTE:0,C14,C14,https://www2.math.uni-wuppertal.de/wrswt/xsc/pascal-xsc/software/petras/cinte.tgz,2026-09-30T21:55:12.002974+00:00,200,,0,1,RECOVERY_ROUTE_ATTEMPT,recovery/ACQUISITION_RESULTS.json,"{""attempted_url"": ""https://www2.math.uni-wuppertal.de/wrswt/xsc/pascal-xsc/software/petras/cinte.tgz"", ""failure_class"": null, ""fallback_attempted"": true, ""http_status_or_error"": 200, ""original_route_parent_id"": ""P04"", ""original_route_record_id"": ""C14_CINTE"", ""retryable"": false, ""utc"": ""2026-09-30T21:55:12.002974+00:00""}"
RECOVERY:C14_DESCRIPTION:0,C14,C14-DOCS-R2,https://www2.math.uni-wuppertal.de/wrswt/xsc/pascal-xsc/software/petras/description.html,2026-09-30T21:55:13.058757+00:00,200,,0,1,RECOVERY_ROUTE_ATTEMPT,recovery/ACQUISITION_RESULTS.json,"{""attempted_url"": ""https://www2.math.uni-wuppertal.de/wrswt/xsc/pascal-xsc/software/petras/description.html"", ""failure_class"": null, ""fallback_attempted"": true, ""http_status_or_error"": 200, ""original_route_parent_id"": ""C14_CINTE"", ""original_route_record_id"": ""C14_DESCRIPTION"", ""retryable"": false, ""utc"": ""2026-09-30T21:55:13.058757+00:00""}"
ASSET:D01-A01,D01,D01,https://flintlib.org/download/flint-3.4.0.pdf,2026-09-30T16:04:18.619216+00:00,200,,,,SUCCESSFUL_PAYLOAD_RETRIEVAL,assets,"{""asset_id"": ""D01-A01"", ""batch"": ""supplement"", ""bytes"": 6213917, ""final_url"": ""https://flintlib.org/download/flint-3.4.0.pdf"", ""headers"": {""Content-Length"": ""6213917"", ""Content-Type"": ""application/pdf"", ""ETag"": ""\""6925b99b-5ed11d\"""", ""Last-Modified"": ""Tue, 25 Nov 2025 14:13:47 GMT""}, ""http_status"": 200, ""path"": ""supplement/papers/D01.pdf"", ""pdf_pages"": 1348, ""readable_text_path"": ""readable/D01-A01.firstpage.txt"", ""representation"": ""FULL_PDF"", ""requested_url"": ""https://flintlib.org/download/flint-3.4.0.pdf"", ""retrieved_utc"": ""2026-09-30T16:04:18.619216+00:00"", ""sha256"": ""b0b171b79d91bcb24acaa82e7619d2e600a53b85e460a371d97c0f8837b56a6f"", ""source_id"": ""D01"", ""title_identity_status"": ""FIRST_PAGE_INSPECTED_AND_MATCHED""}"
LEGACY:D01:0,D01,D01,https://flintlib.org/doc/flint-3.4.0.pdf,,HTTP Error 404: Not Found,HTTP_404_NOT_FOUND,0,,HISTORICAL_ATTEMPT,attempts,"{""batch"": ""acquired"", ""error"": ""HTTP Error 404: Not Found"", ""url"": ""https://flintlib.org/doc/flint-3.4.0.pdf""}"
LEGACY:D01:1,D01,D01,https://flintlib.org/flint-3.4.0.pdf,,HTTP Error 404: Not Found,HTTP_404_NOT_FOUND,0,,HISTORICAL_ATTEMPT,attempts,"{""batch"": ""acquired"", ""error"": ""HTTP Error 404: Not Found"", ""url"": ""https://flintlib.org/flint-3.4.0.pdf""}"
ASSET:D02-A01,D02,D02,https://www.mpfr.org/mpfr-4.2.2/mpfr.pdf,2026-09-30T15:56:24.609093+00:00,200,,,,SUCCESSFUL_PAYLOAD_RETRIEVAL,assets,"{""asset_id"": ""D02-A01"", ""batch"": ""acquired"", ""bytes"": 508750, ""final_url"": ""https://www.mpfr.org/mpfr-4.2.2/mpfr.pdf"", ""headers"": {""Content-Length"": ""508750"", ""Content-Type"": ""application/pdf"", ""ETag"": ""\""7c34e-630c60c4806e4\"""", ""Last-Modified"": ""Thu, 20 Mar 2025 13:23:47 GMT""}, ""http_status"": 200, ""path"": ""acquired/papers/D02.pdf"", ""pdf_pages"": 78, ""readable_text_path"": ""readable/D02-A01.firstpage.txt"", ""representation"": ""FULL_PDF"", ""requested_url"": ""https://www.mpfr.org/mpfr-4.2.2/mpfr.pdf"", ""retrieved_utc"": ""2026-09-30T15:56:24.609093+00:00"", ""sha256"": ""6402480c32a9272191a0f1c2f39083ee93c0fb3afe5611bd144eb4f9aa7e9177"", ""source_id"": ""D02"", ""title_identity_status"": ""FIRST_PAGE_INSPECTED_AND_MATCHED""}"
ASSET:D03-A01,D03,D03,https://refspecs.linuxfoundation.org/elf/x86_64-abi-0.99.pdf,2026-09-30T15:56:25.566104+00:00,200,,,,SUCCESSFUL_PAYLOAD_RETRIEVAL,assets,"{""asset_id"": ""D03-A01"", ""batch"": ""acquired"", ""bytes"": 570340, ""final_url"": ""https://refspecs.linuxfoundation.org/elf/x86_64-abi-0.99.pdf"", ""headers"": {""Content-Length"": ""570340"", ""Content-Type"": ""application/pdf"", ""ETag"": ""\""8b3e4-50db916ee24e2\"""", ""Last-Modified"": ""Wed, 28 Jan 2015 16:44:48 GMT""}, ""http_status"": 200, ""path"": ""acquired/papers/D03.pdf"", ""pdf_pages"": 128, ""readable_text_path"": ""readable/D03-A01.firstpage.txt"", ""representation"": ""FULL_PDF"", ""requested_url"": ""https://refspecs.linuxfoundation.org/elf/x86_64-abi-0.99.pdf"", ""retrieved_utc"": ""2026-09-30T15:56:25.566104+00:00"", ""sha256"": ""69e117a13b560b1b957c15f05a61b130ca56828f05dca951e27cb8e2ada14283"", ""source_id"": ""D03"", ""title_identity_status"": ""FIRST_PAGE_INSPECTED_AND_MATCHED""}"
ASSET:D04-A01,D04,D04,https://gmplib.org/gmp-man-6.3.0.pdf,2026-09-30T15:56:26.405935+00:00,200,,,,SUCCESSFUL_PAYLOAD_RETRIEVAL,assets,"{""asset_id"": ""D04-A01"", ""batch"": ""acquired"", ""bytes"": 843919, ""final_url"": ""https://gmplib.org/gmp-man-6.3.0.pdf"", ""headers"": {""Content-Length"": ""843919"", ""Content-Type"": ""application/pdf"", ""ETag"": ""\""64c6e08c-ce08f\"""", ""Last-Modified"": ""Sun, 30 Jul 2023 22:13:32 GMT""}, ""http_status"": 200, ""path"": ""acquired/papers/D04.pdf"", ""pdf_pages"": 152, ""readable_text_path"": ""readable/D04-A01.firstpage.txt"", ""representation"": ""FULL_PDF"", ""requested_url"": ""https://gmplib.org/gmp-man-6.3.0.pdf"", ""retrieved_utc"": ""2026-09-30T15:56:26.405935+00:00"", ""sha256"": ""5f935caa9ab1074fba1620fe77b9745cb0476a8116df6d26d08b4fef22aa1cf8"", ""source_id"": ""D04"", ""title_identity_status"": ""FIRST_PAGE_INSPECTED_AND_MATCHED""}"
ASSET:D05-A01,D05,D05,https://www.chebfun.org/examples/approx/EntireBound.html,2026-09-30T15:56:25.135319+00:00,200,,,,SUCCESSFUL_PAYLOAD_RETRIEVAL,assets,"{""asset_id"": ""D05-A01"", ""batch"": ""acquired"", ""bytes"": 7877, ""final_url"": ""https://www.chebfun.org/examples/approx/EntireBound.html"", ""headers"": {""Content-Length"": ""7877"", ""Content-Type"": ""text/html; charset=utf-8"", ""ETag"": ""\""68a70867-1ec5\"""", ""Last-Modified"": ""Thu, 21 Aug 2025 11:52:07 GMT""}, ""html_title"": ""Convergence bounds for entire functions » Chebfun"", ""http_status"": 200, ""path"": ""acquired/documents/D05.html"", ""readable_text_path"": ""readable/D05-A01.txt"", ""representation"": ""HTML_PAGE_SNAPSHOT_NOT_WHOLE_SITE"", ""requested_url"": ""https://www.chebfun.org/examples/approx/EntireBound.html"", ""retrieved_utc"": ""2026-09-30T15:56:25.135319+00:00"", ""sha256"": ""c8e92084453aa000d37fd0ae1a7cc5437c738e7bbdb24b0e04423a02a7eb5b16"", ""source_id"": ""D05""}"
ASSET:D06-A01,D06,D06,https://www.tuhh.de/ti3/rump/intlab/Obtain_INTLAB.shtml,2026-09-30T15:56:25.454823+00:00,200,,,,SUCCESSFUL_PAYLOAD_RETRIEVAL,assets,"{""asset_id"": ""D06-A01"", ""batch"": ""acquired"", ""bytes"": 5861, ""final_url"": ""https://www.tuhh.de/ti3/rump/intlab/Obtain_INTLAB.shtml"", ""headers"": {""Content-Length"": null, ""Content-Type"": ""text/html; charset=UTF-8"", ""ETag"": null, ""Last-Modified"": null}, ""html_title"": ""INTLAB - INTerval LABoratory"", ""http_status"": 200, ""path"": ""acquired/documents/D06.html"", ""readable_text_path"": ""readable/D06-A01.txt"", ""representation"": ""HTML_PAGE_SNAPSHOT_NOT_WHOLE_SITE"", ""requested_url"": ""https://www.tuhh.de/ti3/rump/intlab/Obtain_INTLAB.shtml"", ""retrieved_utc"": ""2026-09-30T15:56:25.454823+00:00"", ""sha256"": ""067f71b5aad00b10d7559607fcffcb4f6325732b1fdf4dcc63fcd203504a3d92"", ""source_id"": ""D06""}"
ASSET:D07-A01,D07,D07,https://raw.githubusercontent.com/flintlib/flint/v3.4.0/doc/source/acb_calc.rst,2026-09-30T15:56:25.557474+00:00,200,,,,SUCCESSFUL_PAYLOAD_RETRIEVAL,assets,"{""asset_id"": ""D07-A01"", ""batch"": ""acquired"", ""bytes"": 17891, ""final_url"": ""https://raw.githubusercontent.com/flintlib/flint/v3.4.0/doc/source/acb_calc.rst"", ""headers"": {""Content-Length"": ""17891"", ""Content-Type"": ""text/plain; charset=utf-8"", ""ETag"": ""\""dc9ca97a45473b5c52c26f6e7c4be6ba714f66f5f5196e418773a4abf55c467e\"""", ""Last-Modified"": null}, ""http_status"": 200, ""path"": ""acquired/documents/D07.text"", ""representation"": ""TEXT_DOCUMENT_OR_SIGNATURE"", ""requested_url"": ""https://raw.githubusercontent.com/flintlib/flint/v3.4.0/doc/source/acb_calc.rst"", ""retrieved_utc"": ""2026-09-30T15:56:25.557474+00:00"", ""sha256"": ""c57859a8a3b05fd0dc95a4f8a3f2448f04d70e5655a83bf944faab1d6fcde171"", ""source_id"": ""D07""}"
ASSET:D08-A01,D08,D08,https://raw.githubusercontent.com/flintlib/flint/v3.4.0/doc/source/acb_hypgeom.rst,2026-09-30T15:56:25.640964+00:00,200,,,,SUCCESSFUL_PAYLOAD_RETRIEVAL,assets,"{""asset_id"": ""D08-A01"", ""batch"": ""acquired"", ""bytes"": 58537, ""final_url"": ""https://raw.githubusercontent.com/flintlib/flint/v3.4.0/doc/source/acb_hypgeom.rst"", ""headers"": {""Content-Length"": ""58537"", ""Content-Type"": ""text/plain; charset=utf-8"", ""ETag"": ""\""0d9d4312d9818a18f92ccef45b6e5c828123039e1d30dce2eb4dd882ce9cdc65\"""", ""Last-Modified"": null}, ""http_status"": 200, ""path"": ""acquired/documents/D08.text"", ""representation"": ""TEXT_DOCUMENT_OR_SIGNATURE"", ""requested_url"": ""https://raw.githubusercontent.com/flintlib/flint/v3.4.0/doc/source/acb_hypgeom.rst"", ""retrieved_utc"": ""2026-09-30T15:56:25.640964+00:00"", ""sha256"": ""45edca2cacf731f8c948ad99d08d6ec94e4717f6525e1e44511257f91dafc7d2"", ""source_id"": ""D08""}"
ASSET:D09-A01,D09,D09,https://www.mpfr.org/mpfr-4.2.2/mpfr-4.2.2.tar.xz.asc,2026-09-30T15:56:26.175905+00:00,200,,,,SUCCESSFUL_PAYLOAD_RETRIEVAL,assets,"{""asset_id"": ""D09-A01"", ""batch"": ""acquired"", ""bytes"": 228, ""final_url"": ""https://www.mpfr.org/mpfr-4.2.2/mpfr-4.2.2.tar.xz.asc"", ""headers"": {""Content-Length"": ""228"", ""Content-Type"": ""text/plain; charset=ISO-8859-1"", ""ETag"": ""\""e4-630c60c4514e2\"""", ""Last-Modified"": ""Thu, 20 Mar 2025 13:23:47 GMT""}, ""http_status"": 200, ""path"": ""acquired/documents/D09.text"", ""representation"": ""TEXT_DOCUMENT_OR_SIGNATURE"", ""requested_url"": ""https://www.mpfr.org/mpfr-4.2.2/mpfr-4.2.2.tar.xz.asc"", ""retrieved_utc"": ""2026-09-30T15:56:26.175905+00:00"", ""sha256"": ""c6264c9a3652bc40775205ce90e7c96cea5058629e2e68f9eede5d8213f23ee6"", ""source_id"": ""D09""}"
ASSET:D10-A01,D10,D10,https://ftp.gnu.org/gnu/gmp/gmp-6.3.0.tar.xz.sig,2026-09-30T15:56:25.787643+00:00,200,,,,SUCCESSFUL_PAYLOAD_RETRIEVAL,assets,"{""asset_id"": ""D10-A01"", ""batch"": ""acquired"", ""bytes"": 374, ""final_url"": ""https://ftp.gnu.org/gnu/gmp/gmp-6.3.0.tar.xz.sig"", ""headers"": {""Content-Length"": ""374"", ""Content-Type"": ""application/pgp-signature"", ""ETag"": ""\""176-601b355d3c1cd\"""", ""Last-Modified"": ""Sun, 30 Jul 2023 12:20:10 GMT""}, ""http_status"": 200, ""path"": ""acquired/documents/D10.text"", ""representation"": ""TEXT_DOCUMENT_OR_SIGNATURE"", ""requested_url"": ""https://ftp.gnu.org/gnu/gmp/gmp-6.3.0.tar.xz.sig"", ""retrieved_utc"": ""2026-09-30T15:56:25.787643+00:00"", ""sha256"": ""94def8c1a731854de684689126046ec93589147abd4cd0025f12d741d323aa82"", ""source_id"": ""D10""}"
ASSET:P01-A01,P01,P01,https://arxiv.org/pdf/1802.07942,2026-09-30T15:56:17.546764+00:00,200,,,,SUCCESSFUL_PAYLOAD_RETRIEVAL,assets,"{""asset_id"": ""P01-A01"", ""batch"": ""acquired"", ""bytes"": 589131, ""final_url"": ""https://arxiv.org/pdf/1802.07942"", ""headers"": {""Content-Length"": ""589131"", ""Content-Type"": ""application/pdf"", ""ETag"": ""CP/B56yE3PwCEAE="", ""Last-Modified"": ""Sun, 22 Jan 2023 20:38:57 GMT""}, ""http_status"": 200, ""path"": ""acquired/papers/P01.pdf"", ""pdf_pages"": 8, ""readable_text_path"": ""readable/P01-A01.firstpage.txt"", ""representation"": ""FULL_PDF"", ""requested_url"": ""https://arxiv.org/pdf/1802.07942"", ""retrieved_utc"": ""2026-09-30T15:56:17.546764+00:00"", ""sha256"": ""64abe78ce44e513bacf764e205f5f4eb728e6c6a0c79dc1a114b2cbfb44aae78"", ""source_id"": ""P01"", ""title_identity_status"": ""FIRST_PAGE_INSPECTED_AND_MATCHED""}"
ASSET:P02-A01,P02,P02,https://arxiv.org/pdf/1611.02831,2026-09-30T15:56:17.569127+00:00,200,,,,SUCCESSFUL_PAYLOAD_RETRIEVAL,assets,"{""asset_id"": ""P02-A01"", ""batch"": ""acquired"", ""bytes"": 300134, ""final_url"": ""https://arxiv.org/pdf/1611.02831"", ""headers"": {""Content-Length"": ""300134"", ""Content-Type"": ""application/pdf"", ""ETag"": ""CJDkmoWM2PwCEAE="", ""Last-Modified"": ""Sat, 21 Jan 2023 07:02:43 GMT""}, ""http_status"": 200, ""path"": ""acquired/papers/P02.pdf"", ""pdf_pages"": 12, ""readable_text_path"": ""readable/P02-A01.firstpage.txt"", ""representation"": ""FULL_PDF"", ""requested_url"": ""https://arxiv.org/pdf/1611.02831"", ""retrieved_utc"": ""2026-09-30T15:56:17.569127+00:00"", ""sha256"": ""44802d5cce02bf91a3d155870b8f315f2955866e283bfb48f6776a07f35f6ebf"", ""source_id"": ""P02"", ""title_identity_status"": ""FIRST_PAGE_INSPECTED_AND_MATCHED""}"
ASSET:P03-A01,P03,P03,https://arxiv.org/pdf/1603.03945,2026-09-30T15:56:17.603754+00:00,200,,,,SUCCESSFUL_PAYLOAD_RETRIEVAL,assets,"{""asset_id"": ""P03-A01"", ""batch"": ""acquired"", ""bytes"": 323839, ""final_url"": ""https://arxiv.org/pdf/1603.03945"", ""headers"": {""Content-Length"": ""323839"", ""Content-Type"": ""application/pdf"", ""ETag"": ""CIfWpr7H1/wCEAE="", ""Last-Modified"": ""Sat, 21 Jan 2023 01:56:01 GMT""}, ""http_status"": 200, ""path"": ""acquired/papers/P03.pdf"", ""pdf_pages"": 31, ""readable_text_path"": ""readable/P03-A01.firstpage.txt"", ""representation"": ""FULL_PDF"", ""requested_url"": ""https://arxiv.org/pdf/1603.03945"", ""retrieved_utc"": ""2026-09-30T15:56:17.603754+00:00"", ""sha256"": ""6042f6b01b39f28aa9f55777608b22392ff1e375dfe94d6316458a322244829d"", ""source_id"": ""P03"", ""title_identity_status"": ""FIRST_PAGE_INSPECTED_AND_MATCHED""}"
ASSET:P04-A01,P04,P04,https://doi.org/10.1016/S0377-0427(01)00586-6,2026-09-30T16:04:14.195342+00:00,200,,,,SUCCESSFUL_PAYLOAD_RETRIEVAL,assets,"{""asset_id"": ""P04-A01"", ""batch"": ""supplement"", ""bytes"": 2690, ""final_url"": ""https://linkinghub.elsevier.com/retrieve/pii/S0377042701005866"", ""headers"": {""Content-Length"": ""2690"", ""Content-Type"": ""text/html;charset=UTF-8"", ""ETag"": null, ""Last-Modified"": null}, ""html_title"": ""Redirecting"", ""http_status"": 200, ""path"": ""supplement/landing_pages/P04_landing_0.html"", ""readable_text_path"": ""readable/P04-A01.txt"", ""representation"": ""HTML_PAGE_SNAPSHOT_NOT_WHOLE_SITE"", ""requested_url"": ""https://doi.org/10.1016/S0377-0427(01)00586-6"", ""retrieved_utc"": ""2026-09-30T16:04:14.195342+00:00"", ""sha256"": ""fe576951c85ace3bfc4aec03f9f64aa23a6bd30ebd1ff7c97a23b38e0b986077"", ""source_id"": ""P04""}"
ASSET:P04-R2-A1,P04,P04-R2,https://www2.math.uni-wuppertal.de/wrswt/xsc/pascal-xsc/software/petras/vipaf.ps,2026-09-30T21:55:13.242964+00:00,200,,,,SUCCESSFUL_PAYLOAD_RETRIEVAL,assets,"{""acquired_representation"": ""author_manuscript"", ""acquisition_utc"": ""2026-09-30T21:55:13.242964+00:00"", ""asset_id"": ""P04-R2-A1"", ""bytes"": 238197, ""final_url"": ""https://www2.math.uni-wuppertal.de/wrswt/xsc/pascal-xsc/software/petras/vipaf.ps"", ""http_metadata"": {""Content-Length"": ""238197"", ""ETag"": ""\""3a275-43b20c205e0c0\"""", ""Last-Modified"": ""Thu, 27 Sep 2007 16:49:47 GMT""}, ""http_status"": 200, ""inspection"": {""format"": ""postscript"", ""postscript_magic_verified"": true}, ""mime_type_from_http"": ""application/postscript"", ""normalized_local_filename"": ""P04_RECOVERY.ps"", ""original_filename"": ""vipaf.ps"", ""original_source_url"": ""https://www2.math.uni-wuppertal.de/wrswt/xsc/pascal-xsc/software/petras/vipaf.ps"", ""path"": ""recovery/files/P04_RECOVERY.ps"", ""representation"": ""author_manuscript"", ""requested_url"": ""https://www2.math.uni-wuppertal.de/wrswt/xsc/pascal-xsc/software/petras/vipaf.ps"", ""retrieved_utc"": ""2026-09-30T21:55:13.242964+00:00"", ""sha256"": ""f641dd79087919f6e1d7fe9823154ef83e754a789bcc223cf9a5159a227661ac"", ""source_id"": ""P04-R2"", ""source_record_id"": ""P04_RECOVERY""}"
LEGACY:P04-R2:1,P04,P04-R2,https://www2.math.uni-wuppertal.de/wrswt/xsc/pascal-xsc/software/petras/vipaf.ps,2026-09-30T21:55:12.001776+00:00,200,,0,1,HISTORICAL_ATTEMPT,attempts,"{""attempted_url"": ""https://www2.math.uni-wuppertal.de/wrswt/xsc/pascal-xsc/software/petras/vipaf.ps"", ""failure_class"": null, ""fallback_attempted"": true, ""http_status_or_error"": 200, ""retryable"": false, ""utc"": ""2026-09-30T21:55:12.001776+00:00""}"
LEGACY:P04:0,P04,P04,https://www.sciencedirect.com/science/article/pii/S0377042701005866/pdfft?isDTMRedir=true&download=true,,HTTP Error 403: Forbidden,HTTP_403_ACCESS_DENIED,0,,HISTORICAL_ATTEMPT,attempts,"{""batch"": ""acquired"", ""error"": ""HTTP Error 403: Forbidden"", ""url"": ""https://www.sciencedirect.com/science/article/pii/S0377042701005866/pdfft?isDTMRedir=true&download=true""}"
LEGACY:P04:1,P04,P04,https://www.sciencedirect.com/science/article/pii/S0377042701005866,,HTTP Error 403: Forbidden,HTTP_403_ACCESS_DENIED,0,,HISTORICAL_ATTEMPT,attempts,"{""batch"": ""acquired"", ""error"": ""HTTP Error 403: Forbidden"", ""url"": ""https://www.sciencedirect.com/science/article/pii/S0377042701005866""}"
LEGACY:P04:2,P04,P04,https://doi.org/10.1016/S0377-0427(01)00586-6,,,,,,HISTORICAL_ATTEMPT,attempts,"{""actual"": ""html"", ""batch"": ""supplement"", ""status"": ""WRONG_REPRESENTATION"", ""url"": ""https://doi.org/10.1016/S0377-0427(01)00586-6""}"
LEGACY:P04:3,P04,P04,https://www.sciencedirect.com/science/article/pii/S0377042701005866/pdf,,HTTP Error 403: Forbidden,HTTP_403_ACCESS_DENIED,0,,HISTORICAL_ATTEMPT,attempts,"{""batch"": ""supplement"", ""error"": ""HTTP Error 403: Forbidden"", ""url"": ""https://www.sciencedirect.com/science/article/pii/S0377042701005866/pdf""}"
RECOVERY:P04_RECOVERY:0,P04,P04-R2,https://www2.math.uni-wuppertal.de/wrswt/xsc/pascal-xsc/software/petras/vipaf.ps,2026-09-30T21:55:12.001776+00:00,200,,0,1,RECOVERY_ROUTE_ATTEMPT,recovery/ACQUISITION_RESULTS.json,"{""attempted_url"": ""https://www2.math.uni-wuppertal.de/wrswt/xsc/pascal-xsc/software/petras/vipaf.ps"", ""failure_class"": null, ""fallback_attempted"": true, ""http_status_or_error"": 200, ""original_route_parent_id"": ""P04"", ""original_route_record_id"": ""P04_RECOVERY"", ""retryable"": false, ""utc"": ""2026-09-30T21:55:12.001776+00:00""}"
ASSET:P05-A01,P05,P05,https://www.ijpam.eu/contents/2003-4-4/2/2.pdf,2026-09-30T16:04:15.681076+00:00,200,,,,SUCCESSFUL_PAYLOAD_RETRIEVAL,assets,"{""asset_id"": ""P05-A01"", ""batch"": ""supplement"", ""bytes"": 612672, ""final_url"": ""https://www.ijpam.eu/contents/2003-4-4/2/2.pdf"", ""headers"": {""Content-Length"": ""612672"", ""Content-Type"": ""application/pdf"", ""ETag"": ""\""112057e-95940-55b949ef754a9\"""", ""Last-Modified"": ""Sun, 15 Oct 2017 11:59:23 GMT""}, ""http_status"": 200, ""path"": ""supplement/papers/P05.pdf"", ""pdf_pages"": 74, ""readable_text_path"": ""readable/P05-A01.firstpage.txt"", ""representation"": ""FULL_PDF"", ""requested_url"": ""https://www.ijpam.eu/contents/2003-4-4/2/2.pdf"", ""retrieved_utc"": ""2026-09-30T16:04:15.681076+00:00"", ""sha256"": ""883a4168b77e8c49ea2f2c1241d1177afea92a4c529bd6cc730105078e094ccd"", ""source_id"": ""P05"", ""title_identity_status"": ""FIRST_PAGE_INSPECTED_AND_MATCHED""}"
LEGACY:P05:0,P05,P05,https://bt.pa.msu.edu/pub/papers/TMIJPAM03/TMIJPAM03.pdf,,HTTP Error 403: Forbidden,HTTP_403_ACCESS_DENIED,0,,HISTORICAL_ATTEMPT,attempts,"{""batch"": ""acquired"", ""error"": ""HTTP Error 403: Forbidden"", ""url"": ""https://bt.pa.msu.edu/pub/papers/TMIJPAM03/TMIJPAM03.pdf""}"
LEGACY:P05:1,P05,P05,https://www.researchgate.net/profile/Martin-Berz/publication/247699712_Taylor_models_and_other_validated_functional_inclusion_methods/links/02e7e5373627045452000000/Taylor-models-and-other-validated-functional-inclusion-methods.pdf,,HTTP Error 403: Forbidden,HTTP_403_ACCESS_DENIED,0,,HISTORICAL_ATTEMPT,attempts,"{""batch"": ""acquired"", ""error"": ""HTTP Error 403: Forbidden"", ""url"": ""https://www.researchgate.net/profile/Martin-Berz/publication/247699712_Taylor_models_and_other_validated_functional_inclusion_methods/links/02e7e5373627045452000000/Taylor-models-and-other-validated-functional-inclusion-methods.pdf""}"
ASSET:P06-R2-A1,P06,P06-R2,https://www.cs.purdue.edu/homes/wxg/selected_works/section_08/085.pdf,2026-09-30T21:55:13.527979+00:00,200,,,,SUCCESSFUL_PAYLOAD_RETRIEVAL,assets,"{""acquired_representation"": ""institutional_repository"", ""acquisition_utc"": ""2026-09-30T21:55:13.527979+00:00"", ""asset_id"": ""P06-R2-A1"", ""bytes"": 1492491, ""final_url"": ""https://www.cs.purdue.edu/homes/wxg/selected_works/section_08/085.pdf"", ""http_metadata"": {""Content-Length"": ""1492491"", ""ETag"": ""\""16c60b-4b4862e5851c0\"""", ""Last-Modified"": ""Tue, 20 Dec 2011 13:38:23 GMT""}, ""http_status"": 200, ""inspection"": {""format"": ""pdf"", ""pdf_magic_verified"": true}, ""mime_type_from_http"": ""application/pdf"", ""normalized_local_filename"": ""P06_RECOVERY.pdf"", ""original_filename"": ""085.pdf"", ""original_source_url"": ""https://www.cs.purdue.edu/homes/wxg/selected_works/section_08/085.pdf"", ""path"": ""recovery/files/P06_RECOVERY.pdf"", ""representation"": ""institutional_repository"", ""requested_url"": ""https://www.cs.purdue.edu/homes/wxg/selected_works/section_08/085.pdf"", ""retrieved_utc"": ""2026-09-30T21:55:13.527979+00:00"", ""sha256"": ""f1d9fc7bce7dae921bd0ee205bc4bed277975a8e5a9c4dd7e61e31f71e61f87f"", ""source_id"": ""P06-R2"", ""source_record_id"": ""P06_RECOVERY""}"
LEGACY:P06-R2:1,P06,P06-R2,https://www.cs.purdue.edu/homes/wxg/selected_works/section_08/085.pdf,2026-09-30T21:55:12.002505+00:00,200,,0,1,HISTORICAL_ATTEMPT,attempts,"{""attempted_url"": ""https://www.cs.purdue.edu/homes/wxg/selected_works/section_08/085.pdf"", ""failure_class"": null, ""fallback_attempted"": true, ""http_status_or_error"": 200, ""retryable"": false, ""utc"": ""2026-09-30T21:55:12.002505+00:00""}"
LEGACY:P06:0,P06,P06,https://epubs.siam.org/doi/pdf/10.1137/0720087,,HTTP Error 403: Forbidden,HTTP_403_ACCESS_DENIED,0,,HISTORICAL_ATTEMPT,attempts,"{""batch"": ""acquired"", ""error"": ""HTTP Error 403: Forbidden"", ""url"": ""https://epubs.siam.org/doi/pdf/10.1137/0720087""}"
LEGACY:P06:1,P06,P06,https://epubs.siam.org/doi/10.1137/0720087,,HTTP Error 403: Forbidden,HTTP_403_ACCESS_DENIED,0,,HISTORICAL_ATTEMPT,attempts,"{""batch"": ""acquired"", ""error"": ""HTTP Error 403: Forbidden"", ""url"": ""https://epubs.siam.org/doi/10.1137/0720087""}"
LEGACY:P06:2,P06,P06,https://doi.org/10.1137/0720087,,HTTP Error 403: Forbidden,HTTP_403_ACCESS_DENIED,0,,HISTORICAL_ATTEMPT,attempts,"{""batch"": ""supplement"", ""error"": ""HTTP Error 403: Forbidden"", ""url"": ""https://doi.org/10.1137/0720087""}"
RECOVERY:P06_RECOVERY:0,P06,P06-R2,https://www.cs.purdue.edu/homes/wxg/selected_works/section_08/085.pdf,2026-09-30T21:55:12.002505+00:00,200,,0,1,RECOVERY_ROUTE_ATTEMPT,recovery/ACQUISITION_RESULTS.json,"{""attempted_url"": ""https://www.cs.purdue.edu/homes/wxg/selected_works/section_08/085.pdf"", ""failure_class"": null, ""fallback_attempted"": true, ""http_status_or_error"": 200, ""original_route_parent_id"": ""P06"", ""original_route_record_id"": ""P06_RECOVERY"", ""retryable"": false, ""utc"": ""2026-09-30T21:55:12.002505+00:00""}"
ASSET:P07-A01,P07,P07,https://link.springer.com/content/pdf/10.1007/s10543-010-0294-0.pdf,2026-09-30T15:56:20.627516+00:00,200,,,,SUCCESSFUL_PAYLOAD_RETRIEVAL,assets,"{""asset_id"": ""P07-A01"", ""batch"": ""acquired"", ""bytes"": 263900, ""final_url"": ""https://link.springer.com/article/10.1007/s10543-010-0294-0?error=cookies_not_supported&code=613d1eef-d60a-48bc-8b02-887858bde550"", ""headers"": {""Content-Length"": null, ""Content-Type"": ""text/html; charset=utf-8"", ""ETag"": ""W/\""4c9a9c47ab999a501cec4a30b97d840c\"""", ""Last-Modified"": null}, ""html_title"": ""Verified bounds for singular values, in particular for the spectral norm of a matrix and its inverse | BIT Numerical Mathematics | Springer Nature Link"", ""http_status"": 200, ""path"": ""acquired/landing_pages/P07_landing_0.html"", ""readable_text_path"": ""readable/P07-A01.txt"", ""representation"": ""HTML_PAGE_SNAPSHOT_NOT_WHOLE_SITE"", ""requested_url"": ""https://link.springer.com/content/pdf/10.1007/s10543-010-0294-0.pdf"", ""retrieved_utc"": ""2026-09-30T15:56:20.627516+00:00"", ""sha256"": ""7bf5d27969f6a14158cf91c3b8b006cba9a3d5b63717b6fa3d269e3e342ef0f5"", ""source_id"": ""P07""}"
ASSET:P07-A02,P07,P07,https://www.tuhh.de/ti3/paper/rump/Ru10a.pdf,2026-09-30T16:04:15.171861+00:00,200,,,,SUCCESSFUL_PAYLOAD_RETRIEVAL,assets,"{""asset_id"": ""P07-A02"", ""batch"": ""supplement"", ""bytes"": 154280, ""final_url"": ""https://www.tuhh.de/ti3/paper/rump/Ru10a.pdf"", ""headers"": {""Content-Length"": ""154280"", ""Content-Type"": ""application/pdf"", ""ETag"": ""\""25aa8-4be16a35a3a80\"""", ""Last-Modified"": ""Fri, 20 Apr 2012 06:45:46 GMT""}, ""http_status"": 200, ""path"": ""supplement/papers/P07.pdf"", ""pdf_pages"": 14, ""readable_text_path"": ""readable/P07-A02.firstpage.txt"", ""representation"": ""FULL_PDF"", ""requested_url"": ""https://www.tuhh.de/ti3/paper/rump/Ru10a.pdf"", ""retrieved_utc"": ""2026-09-30T16:04:15.171861+00:00"", ""sha256"": ""1630b8d6aa44bc77bfbcc2c5c47c5c6e7e31451d0875aa7096a9cf871cdcc2c2"", ""source_id"": ""P07"", ""title_identity_status"": ""FIRST_PAGE_INSPECTED_AND_MATCHED""}"
LEGACY:P07:0,P07,P07,https://link.springer.com/content/pdf/10.1007/s10543-010-0294-0.pdf,,,,,,HISTORICAL_ATTEMPT,attempts,"{""actual"": ""html"", ""batch"": ""acquired"", ""status"": ""WRONG_REPRESENTATION"", ""url"": ""https://link.springer.com/content/pdf/10.1007/s10543-010-0294-0.pdf""}"
LEGACY:P07:1,P07,P07,https://www.researchgate.net/publication/225641170_Verified_bounds_for_singular_values_in_particular_for_the_spectral_norm_of_a_matrix_and_its_inverse,,HTTP Error 403: Forbidden,HTTP_403_ACCESS_DENIED,0,,HISTORICAL_ATTEMPT,attempts,"{""batch"": ""acquired"", ""error"": ""HTTP Error 403: Forbidden"", ""url"": ""https://www.researchgate.net/publication/225641170_Verified_bounds_for_singular_values_in_particular_for_the_spectral_norm_of_a_matrix_and_its_inverse""}"
ASSET:P08-A01,P08,P08,https://www.tuhh.de/ti3/paper/rump/OgRuOi05.pdf,2026-09-30T15:56:18.923092+00:00,200,,,,SUCCESSFUL_PAYLOAD_RETRIEVAL,assets,"{""asset_id"": ""P08-A01"", ""batch"": ""acquired"", ""bytes"": 373558, ""final_url"": ""https://www.tuhh.de/ti3/paper/rump/OgRuOi05.pdf"", ""headers"": {""Content-Length"": ""373558"", ""Content-Type"": ""application/pdf"", ""ETag"": ""\""5b336-40628132cbc40\"""", ""Last-Modified"": ""Tue, 22 Nov 2005 14:18:17 GMT""}, ""http_status"": 200, ""path"": ""acquired/papers/P08.pdf"", ""pdf_pages"": 34, ""readable_text_path"": ""readable/P08-A01.firstpage.txt"", ""representation"": ""FULL_PDF"", ""requested_url"": ""https://www.tuhh.de/ti3/paper/rump/OgRuOi05.pdf"", ""retrieved_utc"": ""2026-09-30T15:56:18.923092+00:00"", ""sha256"": ""56e897ffce0a843ea531769d50b8466241ae4f01094b0ddf83d8fff74255cfcc"", ""source_id"": ""P08"", ""title_identity_status"": ""FIRST_PAGE_INSPECTED_AND_MATCHED""}"
ASSET:P09-A01,P09,P09,https://umu.diva-portal.org/smash/get/diva2:2014645/FULLTEXT01.pdf,2026-09-30T15:56:22.650198+00:00,200,,,,SUCCESSFUL_PAYLOAD_RETRIEVAL,assets,"{""asset_id"": ""P09-A01"", ""batch"": ""acquired"", ""bytes"": 1020382, ""final_url"": ""https://umu.diva-portal.org/smash/get/diva2:2014645/FULLTEXT01.pdf"", ""headers"": {""Content-Length"": null, ""Content-Type"": ""application/pdf"", ""ETag"": null, ""Last-Modified"": ""Tue, 18 Nov 2025 14:50:48 GMT""}, ""http_status"": 200, ""path"": ""acquired/papers/P09.pdf"", ""pdf_pages"": 23, ""readable_text_path"": ""readable/P09-A01.firstpage.txt"", ""representation"": ""FULL_PDF"", ""requested_url"": ""https://umu.diva-portal.org/smash/get/diva2:2014645/FULLTEXT01.pdf"", ""retrieved_utc"": ""2026-09-30T15:56:22.650198+00:00"", ""sha256"": ""0f7eda92047e263cd7d9e83ba8c828ad0a6586dac2f4418e0ddc6de2f519161f"", ""source_id"": ""P09"", ""title_identity_status"": ""FIRST_PAGE_INSPECTED_AND_MATCHED""}"
ASSET:P10-A01,P10,P10,https://arxiv.org/pdf/1802.03948,2026-09-30T15:56:18.499144+00:00,200,,,,SUCCESSFUL_PAYLOAD_RETRIEVAL,assets,"{""asset_id"": ""P10-A01"", ""batch"": ""acquired"", ""bytes"": 423802, ""final_url"": ""https://arxiv.org/pdf/1802.03948"", ""headers"": {""Content-Length"": ""423802"", ""Content-Type"": ""application/pdf"", ""ETag"": ""COWo7YCD3PwCEAE="", ""Last-Modified"": ""Sun, 22 Jan 2023 20:32:57 GMT""}, ""http_status"": 200, ""path"": ""acquired/papers/P10.pdf"", ""pdf_pages"": 22, ""readable_text_path"": ""readable/P10-A01.firstpage.txt"", ""representation"": ""FULL_PDF"", ""requested_url"": ""https://arxiv.org/pdf/1802.03948"", ""retrieved_utc"": ""2026-09-30T15:56:18.499144+00:00"", ""sha256"": ""017ea48db9dc996024769608fae3037627508a479dd5f5af771540f5b09206d8"", ""source_id"": ""P10"", ""title_identity_status"": ""FIRST_PAGE_INSPECTED_AND_MATCHED""}"
ASSET:P11-A01,P11,P11,https://arxiv.org/pdf/1003.4629,2026-09-30T15:56:18.524870+00:00,200,,,,SUCCESSFUL_PAYLOAD_RETRIEVAL,assets,"{""asset_id"": ""P11-A01"", ""batch"": ""acquired"", ""bytes"": 450642, ""final_url"": ""https://arxiv.org/pdf/1003.4629"", ""headers"": {""Content-Length"": ""450642"", ""Content-Type"": ""application/pdf"", ""ETag"": ""CKTX8vbqgooDEAE="", ""Last-Modified"": ""Sat, 30 Nov 2024 00:49:08 GMT""}, ""http_status"": 200, ""path"": ""acquired/papers/P11.pdf"", ""pdf_pages"": 39, ""readable_text_path"": ""readable/P11-A01.firstpage.txt"", ""representation"": ""FULL_PDF"", ""requested_url"": ""https://arxiv.org/pdf/1003.4629"", ""retrieved_utc"": ""2026-09-30T15:56:18.524870+00:00"", ""sha256"": ""63946f35ef2907f30db5402eaf4d5f7da4432039b0882b28cbe84e9ccbe4c863"", ""source_id"": ""P11"", ""title_identity_status"": ""FIRST_PAGE_INSPECTED_AND_MATCHED""}"
ASSET:S01-A01,S01,S01,https://api.crossref.org/works/10.1137/0720087,2026-09-30T16:04:14.456136+00:00,200,,,,SUCCESSFUL_PAYLOAD_RETRIEVAL,assets,"{""asset_id"": ""S01-A01"", ""batch"": ""supplement"", ""bytes"": 4451, ""final_url"": ""https://api.crossref.org/works/10.1137/0720087"", ""headers"": {""Content-Length"": null, ""Content-Type"": ""application/json"", ""ETag"": null, ""Last-Modified"": null}, ""http_status"": 200, ""path"": ""supplement/documents/S01.text"", ""representation"": ""TEXT_DOCUMENT_OR_SIGNATURE"", ""requested_url"": ""https://api.crossref.org/works/10.1137/0720087"", ""retrieved_utc"": ""2026-09-30T16:04:14.456136+00:00"", ""sha256"": ""664890542c7edc5d644a3f3f7db2a2f71ce80b467ab0b384346dbf69f726291d"", ""source_id"": ""S01""}"
ASSET:S02-A01,S02,S02,https://api.crossref.org/works/10.1016/S0377-0427(01)00586-6,2026-09-30T16:04:14.798351+00:00,200,,,,SUCCESSFUL_PAYLOAD_RETRIEVAL,assets,"{""asset_id"": ""S02-A01"", ""batch"": ""supplement"", ""bytes"": 5295, ""final_url"": ""https://api.crossref.org/works/10.1016/S0377-0427(01)00586-6"", ""headers"": {""Content-Length"": null, ""Content-Type"": ""application/json"", ""ETag"": null, ""Last-Modified"": null}, ""http_status"": 200, ""path"": ""supplement/documents/S02.text"", ""representation"": ""TEXT_DOCUMENT_OR_SIGNATURE"", ""requested_url"": ""https://api.crossref.org/works/10.1016/S0377-0427(01)00586-6"", ""retrieved_utc"": ""2026-09-30T16:04:14.798351+00:00"", ""sha256"": ""e1db17a14bfcf51482abe9def7cf163f3952fda9e1dacc04e74d8c05e0441c2a"", ""source_id"": ""S02""}"
ASSET:S03-A01,S03,S03,https://www.cs.purdue.edu/homes/wxg/SelectedWorks,2026-09-30T16:04:15.171572+00:00,200,,,,SUCCESSFUL_PAYLOAD_RETRIEVAL,assets,"{""asset_id"": ""S03-A01"", ""batch"": ""supplement"", ""bytes"": 350, ""final_url"": ""https://www.cs.purdue.edu/homes/wxg/SelectedWorks/"", ""headers"": {""Content-Length"": ""350"", ""Content-Type"": ""text/html"", ""ETag"": ""\""15e-5d358762e29fd\"""", ""Last-Modified"": ""Fri, 17 Dec 2021 14:36:16 GMT""}, ""html_title"": ""Works by Walter Gautschi"", ""http_status"": 200, ""path"": ""supplement/documents/S03.html"", ""readable_text_path"": ""readable/S03-A01.txt"", ""representation"": ""HTML_PAGE_SNAPSHOT_NOT_WHOLE_SITE"", ""requested_url"": ""https://www.cs.purdue.edu/homes/wxg/SelectedWorks"", ""retrieved_utc"": ""2026-09-30T16:04:15.171572+00:00"", ""sha256"": ""1b4f4052e702a2c8588ed9091891831d29efe63f00ea6c1446cfc123ff5e11fb"", ""source_id"": ""S03""}"
ASSET:S04-A01,S04,S04,https://flintlib.org/downloads.html,2026-09-30T16:04:15.902712+00:00,200,,,,SUCCESSFUL_PAYLOAD_RETRIEVAL,assets,"{""asset_id"": ""S04-A01"", ""batch"": ""supplement"", ""bytes"": 18141, ""final_url"": ""https://flintlib.org/downloads.html"", ""headers"": {""Content-Length"": ""18141"", ""Content-Type"": ""text/html"", ""ETag"": ""\""6a422e1b-46dd\"""", ""Last-Modified"": ""Mon, 29 Jun 2026 08:34:35 GMT""}, ""html_title"": ""FLINT: Fast Library for Number Theory - Downloads"", ""http_status"": 200, ""path"": ""supplement/documents/S04.html"", ""readable_text_path"": ""readable/S04-A01.txt"", ""representation"": ""HTML_PAGE_SNAPSHOT_NOT_WHOLE_SITE"", ""requested_url"": ""https://flintlib.org/downloads.html"", ""retrieved_utc"": ""2026-09-30T16:04:15.902712+00:00"", ""sha256"": ""8f5ccf7ce4a9f9923eec55e9b858d33abce4da4083aecaa711d0ae7fdc07f96f"", ""source_id"": ""S04""}"
ASSET:S05-A01,S05,S05,https://www.tuhh.de/ti3/rump/,2026-09-30T16:04:15.980300+00:00,200,,,,SUCCESSFUL_PAYLOAD_RETRIEVAL,assets,"{""asset_id"": ""S05-A01"", ""batch"": ""supplement"", ""bytes"": 10020, ""final_url"": ""https://www.tuhh.de/ti3/rump/"", ""headers"": {""Content-Length"": null, ""Content-Type"": ""text/html; charset=UTF-8"", ""ETag"": null, ""Last-Modified"": null}, ""html_title"": ""Siegfried M. Rump - Homepage"", ""http_status"": 200, ""path"": ""supplement/documents/S05.html"", ""readable_text_path"": ""readable/S05-A01.txt"", ""representation"": ""HTML_PAGE_SNAPSHOT_NOT_WHOLE_SITE"", ""requested_url"": ""https://www.tuhh.de/ti3/rump/"", ""retrieved_utc"": ""2026-09-30T16:04:15.980300+00:00"", ""sha256"": ""5b2487860a420bc2410e0eba4c9a27a0da0d6517ad51445fd1721aa0ad61051d"", ""source_id"": ""S05""}"
ASSET:S06-A01,S06,S06,https://www.bmtdynamics.org/index_TaylorModels.htm,2026-09-30T16:04:15.779649+00:00,200,,,,SUCCESSFUL_PAYLOAD_RETRIEVAL,assets,"{""asset_id"": ""S06-A01"", ""batch"": ""supplement"", ""bytes"": 67470, ""final_url"": ""https://www.bmtdynamics.org/index_TaylorModels.htm"", ""headers"": {""Content-Length"": ""67470"", ""Content-Type"": ""text/html"", ""ETag"": ""\""1078e-5e7f15e7df180\"""", ""Last-Modified"": ""Mon, 05 Sep 2022 17:25:42 GMT""}, ""html_title"": ""Taylor Models"", ""http_status"": 200, ""path"": ""supplement/documents/S06.html"", ""readable_text_path"": ""readable/S06-A01.txt"", ""representation"": ""HTML_PAGE_SNAPSHOT_NOT_WHOLE_SITE"", ""requested_url"": ""https://www.bmtdynamics.org/index_TaylorModels.htm"", ""retrieved_utc"": ""2026-09-30T16:04:15.779649+00:00"", ""sha256"": ""f8ae8df35b4355af6d4044ea0d82c73d89ce486b12034ad902165c6377dc041f"", ""source_id"": ""S06""}"
ASSET:URL01-A01,URL01,URL01,https://arblib.org/,2026-09-30T15:56:14.877760+00:00,200,,,,SUCCESSFUL_PAYLOAD_RETRIEVAL,assets,"{""asset_id"": ""URL01-A01"", ""batch"": ""acquired"", ""bytes"": 55594, ""final_url"": ""https://arblib.org/"", ""headers"": {""Content-Length"": ""55594"", ""Content-Type"": ""text/html"", ""ETag"": ""\""65f600f7-d92a\"""", ""Last-Modified"": ""Sat, 16 Mar 2024 20:28:39 GMT""}, ""html_title"": ""Arb - a C library for arbitrary-precision ball arithmetic — Arb 2.23.0 documentation"", ""http_status"": 200, ""path"": ""acquired/documents/URL01.html"", ""readable_text_path"": ""readable/URL01-A01.txt"", ""representation"": ""HTML_PAGE_SNAPSHOT_NOT_WHOLE_SITE"", ""requested_url"": ""https://arblib.org/"", ""retrieved_utc"": ""2026-09-30T15:56:14.877760+00:00"", ""sha256"": ""b224a6003cace9bafefcd0f813f9f9c7c6d34d88051059116af8818dbb7639e3"", ""source_id"": ""URL01""}"
ASSET:URL02-A01,URL02,URL02,https://arblib.org/acb_hypgeom.html,2026-09-30T15:56:15.155945+00:00,200,,,,SUCCESSFUL_PAYLOAD_RETRIEVAL,assets,"{""asset_id"": ""URL02-A01"", ""batch"": ""acquired"", ""bytes"": 319718, ""final_url"": ""https://arblib.org/acb_hypgeom.html"", ""headers"": {""Content-Length"": ""319718"", ""Content-Type"": ""text/html"", ""ETag"": ""\""65f600ed-4e0e6\"""", ""Last-Modified"": ""Sat, 16 Mar 2024 20:28:29 GMT""}, ""html_title"": ""acb_hypgeom.h – hypergeometric functions of complex variables — Arb 2.23.0 documentation"", ""http_status"": 200, ""path"": ""acquired/documents/URL02.html"", ""readable_text_path"": ""readable/URL02-A01.txt"", ""representation"": ""HTML_PAGE_SNAPSHOT_NOT_WHOLE_SITE"", ""requested_url"": ""https://arblib.org/acb_hypgeom.html"", ""retrieved_utc"": ""2026-09-30T15:56:15.155945+00:00"", ""sha256"": ""8a79e6d324dfae1cd641aa36be4f1287daa6bb76147193d32ab3be7b1c1eca24"", ""source_id"": ""URL02""}"
ASSET:URL03-A01,URL03,URL03,https://arxiv.org/abs/1611.02831,2026-09-30T15:56:14.251423+00:00,200,,,,SUCCESSFUL_PAYLOAD_RETRIEVAL,assets,"{""asset_id"": ""URL03-A01"", ""batch"": ""acquired"", ""bytes"": 40085, ""final_url"": ""https://arxiv.org/abs/1611.02831"", ""headers"": {""Content-Length"": ""40085"", ""Content-Type"": ""text/html; charset=utf-8"", ""ETag"": null, ""Last-Modified"": ""Mon, 24 Aug 2026 21:10:55 GMT""}, ""html_title"": ""[1611.02831] Arb: Efficient Arbitrary-Precision Midpoint-Radius Interval Arithmetic"", ""http_status"": 200, ""path"": ""acquired/documents/URL03.html"", ""readable_text_path"": ""readable/URL03-A01.txt"", ""representation"": ""HTML_PAGE_SNAPSHOT_NOT_WHOLE_SITE"", ""requested_url"": ""https://arxiv.org/abs/1611.02831"", ""retrieved_utc"": ""2026-09-30T15:56:14.251423+00:00"", ""sha256"": ""85665b3971f167db3fce75857d1109c77dfc43f0455c92ebc9af4727403e5213"", ""source_id"": ""URL03""}"
ASSET:URL04-A01,URL04,URL04,https://arxiv.org/abs/1802.07942,2026-09-30T15:56:14.246604+00:00,200,,,,SUCCESSFUL_PAYLOAD_RETRIEVAL,assets,"{""asset_id"": ""URL04-A01"", ""batch"": ""acquired"", ""bytes"": 39532, ""final_url"": ""https://arxiv.org/abs/1802.07942"", ""headers"": {""Content-Length"": ""39532"", ""Content-Type"": ""text/html; charset=utf-8"", ""ETag"": null, ""Last-Modified"": ""Mon, 24 Aug 2026 19:46:18 GMT""}, ""html_title"": ""[1802.07942] Numerical integration in arbitrary-precision ball arithmetic"", ""http_status"": 200, ""path"": ""acquired/documents/URL04.html"", ""readable_text_path"": ""readable/URL04-A01.txt"", ""representation"": ""HTML_PAGE_SNAPSHOT_NOT_WHOLE_SITE"", ""requested_url"": ""https://arxiv.org/abs/1802.07942"", ""retrieved_utc"": ""2026-09-30T15:56:14.246604+00:00"", ""sha256"": ""18b8d9ad307e611067abd7c34bf7e5ea7b76a977c0bab65328a7320f17e1fe63"", ""source_id"": ""URL04""}"
ASSET:URL05-A01,URL05,URL05,https://arxiv.org/html/1603.03945v1,2026-09-30T15:56:14.366179+00:00,200,,,,SUCCESSFUL_PAYLOAD_RETRIEVAL,assets,"{""asset_id"": ""URL05-A01"", ""batch"": ""acquired"", ""bytes"": 752669, ""final_url"": ""https://arxiv.org/html/1603.03945v1"", ""headers"": {""Content-Length"": ""752669"", ""Content-Type"": ""text/html; charset=utf-8"", ""ETag"": ""\""CJuq8M6KupYDEAE=\"""", ""Last-Modified"": ""Mon, 24 Aug 2026 20:16:38 GMT""}, ""html_title"": ""On the Petras algorithm for verified integration of piecewise analytic functions"", ""http_status"": 200, ""path"": ""acquired/documents/URL05.html"", ""readable_text_path"": ""readable/URL05-A01.txt"", ""representation"": ""HTML_PAGE_SNAPSHOT_NOT_WHOLE_SITE"", ""requested_url"": ""https://arxiv.org/html/1603.03945v1"", ""retrieved_utc"": ""2026-09-30T15:56:14.366179+00:00"", ""sha256"": ""3c300e8066b4a8494a6834f084d63fd4fb076270231a208f5529ba817bd052f6"", ""source_id"": ""URL05""}"
ASSET:URL06-A01,URL06,URL06,https://dlmf.nist.gov/18.5,2026-09-30T15:56:14.681168+00:00,200,,,,SUCCESSFUL_PAYLOAD_RETRIEVAL,assets,"{""asset_id"": ""URL06-A01"", ""batch"": ""acquired"", ""bytes"": 385438, ""final_url"": ""https://dlmf.nist.gov/18.5"", ""headers"": {""Content-Length"": null, ""Content-Type"": ""text/html"", ""ETag"": null, ""Last-Modified"": ""Wed, 16 Sep 2026 20:19:40 GMT""}, ""html_title"": ""DLMF: §18.5 Explicit Representations ‣ Classical Orthogonal Polynomials ‣ Chapter 18 Orthogonal Polynomials"", ""http_status"": 200, ""path"": ""acquired/documents/URL06.html"", ""readable_text_path"": ""readable/URL06-A01.txt"", ""representation"": ""HTML_PAGE_SNAPSHOT_NOT_WHOLE_SITE"", ""requested_url"": ""https://dlmf.nist.gov/18.5"", ""retrieved_utc"": ""2026-09-30T15:56:14.681168+00:00"", ""sha256"": ""85db324799e11cac3efe125ca81b0cf689e62517a646e2703104c4f6a341ed80"", ""source_id"": ""URL06""}"
ASSET:URL07-A01,URL07,URL07,https://dlmf.nist.gov/8.10,2026-09-30T15:56:14.686922+00:00,200,,,,SUCCESSFUL_PAYLOAD_RETRIEVAL,assets,"{""asset_id"": ""URL07-A01"", ""batch"": ""acquired"", ""bytes"": 102979, ""final_url"": ""https://dlmf.nist.gov/8.10"", ""headers"": {""Content-Length"": null, ""Content-Type"": ""text/html"", ""ETag"": null, ""Last-Modified"": ""Wed, 16 Sep 2026 20:19:18 GMT""}, ""html_title"": ""DLMF: §8.10 Inequalities ‣ Incomplete Gamma Functions ‣ Chapter 8 Incomplete Gamma and Related Functions"", ""http_status"": 200, ""path"": ""acquired/documents/URL07.html"", ""readable_text_path"": ""readable/URL07-A01.txt"", ""representation"": ""HTML_PAGE_SNAPSHOT_NOT_WHOLE_SITE"", ""requested_url"": ""https://dlmf.nist.gov/8.10"", ""retrieved_utc"": ""2026-09-30T15:56:14.686922+00:00"", ""sha256"": ""e2840623169b9decb21c04c72d004e8c385c22f40cf16685dbf2addf77c05581"", ""source_id"": ""URL07""}"
ASSET:URL08-A01,URL08,URL08,https://dlmf.nist.gov/8.11,2026-09-30T15:56:14.762044+00:00,200,,,,SUCCESSFUL_PAYLOAD_RETRIEVAL,assets,"{""asset_id"": ""URL08-A01"", ""batch"": ""acquired"", ""bytes"": 210720, ""final_url"": ""https://dlmf.nist.gov/8.11"", ""headers"": {""Content-Length"": null, ""Content-Type"": ""text/html"", ""ETag"": null, ""Last-Modified"": ""Wed, 16 Sep 2026 20:19:18 GMT""}, ""html_title"": ""DLMF: §8.11 Asymptotic Approximations and Expansions ‣ Incomplete Gamma Functions ‣ Chapter 8 Incomplete Gamma and Related Functions"", ""http_status"": 200, ""path"": ""acquired/documents/URL08.html"", ""readable_text_path"": ""readable/URL08-A01.txt"", ""representation"": ""HTML_PAGE_SNAPSHOT_NOT_WHOLE_SITE"", ""requested_url"": ""https://dlmf.nist.gov/8.11"", ""retrieved_utc"": ""2026-09-30T15:56:14.762044+00:00"", ""sha256"": ""3a44812a18a6e89ded72c16789fd6588e7a5ec77d0205b483559afbc5d552a82"", ""source_id"": ""URL08""}"
ASSET:URL09-A01,URL09,URL09,https://dlmf.nist.gov/8.2,2026-09-30T15:56:14.899719+00:00,200,,,,SUCCESSFUL_PAYLOAD_RETRIEVAL,assets,"{""asset_id"": ""URL09-A01"", ""batch"": ""acquired"", ""bytes"": 133125, ""final_url"": ""https://dlmf.nist.gov/8.2"", ""headers"": {""Content-Length"": null, ""Content-Type"": ""text/html"", ""ETag"": null, ""Last-Modified"": ""Wed, 16 Sep 2026 20:19:18 GMT""}, ""html_title"": ""DLMF: §8.2 Definitions and Basic Properties ‣ Incomplete Gamma Functions ‣ Chapter 8 Incomplete Gamma and Related Functions"", ""http_status"": 200, ""path"": ""acquired/documents/URL09.html"", ""readable_text_path"": ""readable/URL09-A01.txt"", ""representation"": ""HTML_PAGE_SNAPSHOT_NOT_WHOLE_SITE"", ""requested_url"": ""https://dlmf.nist.gov/8.2"", ""retrieved_utc"": ""2026-09-30T15:56:14.899719+00:00"", ""sha256"": ""e487982b464d0116fb0dc789b81c1fc8c73ae013d11ab139355f6008c72953bb"", ""source_id"": ""URL09""}"
LEGACY:URL10-R2:1,URL10,URL10-R2,https://epubs.siam.org/doi/10.1137/030601818,,HTTP Error 403: Forbidden,HTTP_403_ACCESS_DENIED,0,,HISTORICAL_ATTEMPT,attempts,"{""batch"": ""acquired"", ""error"": ""HTTP Error 403: Forbidden"", ""url"": ""https://epubs.siam.org/doi/10.1137/030601818""}"
LEGACY:URL10:0,URL10,URL10,https://epubs.siam.org/doi/10.1137/030601818,,HTTP Error 403: Forbidden,HTTP_403_ACCESS_DENIED,0,,HISTORICAL_ATTEMPT,attempts,"{""batch"": ""acquired"", ""error"": ""HTTP Error 403: Forbidden"", ""url"": ""https://epubs.siam.org/doi/10.1137/030601818""}"
LEGACY:URL11-R2:1,URL11,URL11-R2,https://epubs.siam.org/doi/10.1137/0720087,,HTTP Error 403: Forbidden,HTTP_403_ACCESS_DENIED,0,,HISTORICAL_ATTEMPT,attempts,"{""batch"": ""acquired"", ""error"": ""HTTP Error 403: Forbidden"", ""url"": ""https://epubs.siam.org/doi/10.1137/0720087""}"
LEGACY:URL11:0,URL11,URL11,https://epubs.siam.org/doi/10.1137/0720087,,HTTP Error 403: Forbidden,HTTP_403_ACCESS_DENIED,0,,HISTORICAL_ATTEMPT,attempts,"{""batch"": ""acquired"", ""error"": ""HTTP Error 403: Forbidden"", ""url"": ""https://epubs.siam.org/doi/10.1137/0720087""}"
ASSET:URL12-A01,URL12,URL12,https://flintlib.org/doc/,2026-09-30T15:56:15.785967+00:00,200,,,,SUCCESSFUL_PAYLOAD_RETRIEVAL,assets,"{""asset_id"": ""URL12-A01"", ""batch"": ""acquired"", ""bytes"": 35753, ""final_url"": ""https://flintlib.org/doc/"", ""headers"": {""Content-Length"": ""35753"", ""Content-Type"": ""text/html"", ""ETag"": ""\""6abd0ab5-8ba9\"""", ""Last-Modified"": ""Wed, 30 Sep 2026 13:12:21 GMT""}, ""html_title"": ""FLINT: Fast Library for Number Theory — FLINT 3.7.0-dev documentation"", ""http_status"": 200, ""path"": ""acquired/documents/URL12.html"", ""readable_text_path"": ""readable/URL12-A01.txt"", ""representation"": ""HTML_PAGE_SNAPSHOT_NOT_WHOLE_SITE"", ""requested_url"": ""https://flintlib.org/doc/"", ""retrieved_utc"": ""2026-09-30T15:56:15.785967+00:00"", ""sha256"": ""80efb5ab2a94172ada3beba7f0f4ad35a66debc8f528eb06d35ef365287b970c"", ""source_id"": ""URL12""}"
ASSET:URL13-A01,URL13,URL13,https://flintlib.org/doc/acb_calc.html,2026-09-30T15:56:15.869641+00:00,200,,,,SUCCESSFUL_PAYLOAD_RETRIEVAL,assets,"{""asset_id"": ""URL13-A01"", ""batch"": ""acquired"", ""bytes"": 45426, ""final_url"": ""https://flintlib.org/doc/acb_calc.html"", ""headers"": {""Content-Length"": ""45426"", ""Content-Type"": ""text/html"", ""ETag"": ""\""6abd0959-b172\"""", ""Last-Modified"": ""Wed, 30 Sep 2026 13:06:33 GMT""}, ""html_title"": ""acb_calc.h – calculus with complex-valued functions — FLINT 3.7.0-dev documentation"", ""http_status"": 200, ""path"": ""acquired/documents/URL13.html"", ""readable_text_path"": ""readable/URL13-A01.txt"", ""representation"": ""HTML_PAGE_SNAPSHOT_NOT_WHOLE_SITE"", ""requested_url"": ""https://flintlib.org/doc/acb_calc.html"", ""retrieved_utc"": ""2026-09-30T15:56:15.869641+00:00"", ""sha256"": ""1769b2a99ba02e2d145c08146debae2fdb7ac038d79d02e71b514e9c2331b0b3"", ""source_id"": ""URL13""}"
ASSET:URL14-A01,URL14,URL14,https://github.com/CAPDGroup/CAPD,2026-09-30T15:56:15.432421+00:00,200,,,,SUCCESSFUL_PAYLOAD_RETRIEVAL,assets,"{""asset_id"": ""URL14-A01"", ""batch"": ""acquired"", ""bytes"": 276111, ""final_url"": ""https://github.com/CAPDGroup/CAPD"", ""headers"": {""Content-Length"": null, ""Content-Type"": ""text/html; charset=utf-8"", ""ETag"": ""W/\""f54b547e93ccbce7c14d92acb6141c3a\"""", ""Last-Modified"": null}, ""html_title"": ""GitHub - CAPDGroup/CAPD: CAPD library · GitHub"", ""http_status"": 200, ""path"": ""acquired/documents/URL14.html"", ""readable_text_path"": ""readable/URL14-A01.txt"", ""representation"": ""HTML_PAGE_SNAPSHOT_NOT_WHOLE_SITE"", ""requested_url"": ""https://github.com/CAPDGroup/CAPD"", ""retrieved_utc"": ""2026-09-30T15:56:15.432421+00:00"", ""sha256"": ""cc3e039c0d8fa43fe09bd959f11c34cb2999dd7bf8f3c2de66ae462d4d2ea1a5"", ""source_id"": ""URL14""}"
ASSET:URL15-A01,URL15,URL15,https://github.com/flintlib/arb,2026-09-30T15:56:15.691744+00:00,200,,,,SUCCESSFUL_PAYLOAD_RETRIEVAL,assets,"{""asset_id"": ""URL15-A01"", ""batch"": ""acquired"", ""bytes"": 433184, ""final_url"": ""https://github.com/flintlib/arb"", ""headers"": {""Content-Length"": null, ""Content-Type"": ""text/html; charset=utf-8"", ""ETag"": ""W/\""e98c43e8d210d13051cddc34c8834084\"""", ""Last-Modified"": null}, ""html_title"": ""GitHub - flintlib/arb: Arb has been merged into FLINT -- use https://github.com/flintlib/flint/ instead · GitHub"", ""http_status"": 200, ""path"": ""acquired/documents/URL15.html"", ""readable_text_path"": ""readable/URL15-A01.txt"", ""representation"": ""HTML_PAGE_SNAPSHOT_NOT_WHOLE_SITE"", ""requested_url"": ""https://github.com/flintlib/arb"", ""retrieved_utc"": ""2026-09-30T15:56:15.691744+00:00"", ""sha256"": ""c25c13fc20a9ad2b4bca105d92e44f64fcee68a26553e93ac06b14ad7a74e1f3"", ""source_id"": ""URL15""}"
ASSET:URL16-A01,URL16,URL16,https://github.com/flintlib/flint/releases,2026-09-30T15:56:15.953960+00:00,200,,,,SUCCESSFUL_PAYLOAD_RETRIEVAL,assets,"{""asset_id"": ""URL16-A01"", ""batch"": ""acquired"", ""bytes"": 402051, ""final_url"": ""https://github.com/flintlib/flint/releases"", ""headers"": {""Content-Length"": null, ""Content-Type"": ""text/html; charset=utf-8"", ""ETag"": ""W/\""124d57f4cc28cb6598fab3da94ec92ab\"""", ""Last-Modified"": null}, ""html_title"": ""Releases · flintlib/flint · GitHub"", ""http_status"": 200, ""path"": ""acquired/documents/URL16.html"", ""readable_text_path"": ""readable/URL16-A01.txt"", ""representation"": ""HTML_PAGE_SNAPSHOT_NOT_WHOLE_SITE"", ""requested_url"": ""https://github.com/flintlib/flint/releases"", ""retrieved_utc"": ""2026-09-30T15:56:15.953960+00:00"", ""sha256"": ""2c993413fefd859116cfbc1924c8f036d633e4be4b81b2833479df0095a4afe8"", ""source_id"": ""URL16""}"
ASSET:URL17-A01,URL17,URL17,https://link.springer.com/article/10.1007/s10543-010-0294-0,2026-09-30T15:56:17.056376+00:00,200,,,,SUCCESSFUL_PAYLOAD_RETRIEVAL,assets,"{""asset_id"": ""URL17-A01"", ""batch"": ""acquired"", ""bytes"": 263900, ""final_url"": ""https://link.springer.com/article/10.1007/s10543-010-0294-0?error=cookies_not_supported&code=d65da73e-1537-4ce6-a34c-b801f5e34d50"", ""headers"": {""Content-Length"": null, ""Content-Type"": ""text/html; charset=utf-8"", ""ETag"": ""W/\""654c7a28e0d9b5f4c476bdff95f280f2\"""", ""Last-Modified"": null}, ""html_title"": ""Verified bounds for singular values, in particular for the spectral norm of a matrix and its inverse | BIT Numerical Mathematics | Springer Nature Link"", ""http_status"": 200, ""path"": ""acquired/documents/URL17.html"", ""readable_text_path"": ""readable/URL17-A01.txt"", ""representation"": ""HTML_PAGE_SNAPSHOT_NOT_WHOLE_SITE"", ""requested_url"": ""https://link.springer.com/article/10.1007/s10543-010-0294-0"", ""retrieved_utc"": ""2026-09-30T15:56:17.056376+00:00"", ""sha256"": ""1ed33554edfad2216ad7f86b22d72afdfd324c1bd0e1b8f015fa4fee0d85f9e0"", ""source_id"": ""URL17""}"
ASSET:URL18-A01,URL18,URL18,https://numpy.org/doc/stable/reference/generated/numpy.lib.format.html,2026-09-30T15:56:15.976648+00:00,200,,,,SUCCESSFUL_PAYLOAD_RETRIEVAL,assets,"{""asset_id"": ""URL18-A01"", ""batch"": ""acquired"", ""bytes"": 45494, ""final_url"": ""https://numpy.org/doc/stable/reference/generated/numpy.lib.format.html"", ""headers"": {""Content-Length"": null, ""Content-Type"": ""text/html; charset=utf-8"", ""ETag"": null, ""Last-Modified"": ""Sun, 28 Jun 2026 08:37:34 GMT""}, ""html_title"": ""numpy.lib.format — NumPy v2.5 Manual"", ""http_status"": 200, ""path"": ""acquired/documents/URL18.html"", ""readable_text_path"": ""readable/URL18-A01.txt"", ""representation"": ""HTML_PAGE_SNAPSHOT_NOT_WHOLE_SITE"", ""requested_url"": ""https://numpy.org/doc/stable/reference/generated/numpy.lib.format.html"", ""retrieved_utc"": ""2026-09-30T15:56:15.976648+00:00"", ""sha256"": ""574b1779396fb4ac2571da4005f636b3ecdcda991ed6b107108bb20aad9199af"", ""source_id"": ""URL18""}"
ASSET:URL19-A01,URL19,URL19,https://numpy.org/doc/stable/user/basics.types.html,2026-09-30T15:56:15.959862+00:00,200,,,,SUCCESSFUL_PAYLOAD_RETRIEVAL,assets,"{""asset_id"": ""URL19-A01"", ""batch"": ""acquired"", ""bytes"": 74598, ""final_url"": ""https://numpy.org/doc/stable/user/basics.types.html"", ""headers"": {""Content-Length"": null, ""Content-Type"": ""text/html; charset=utf-8"", ""ETag"": null, ""Last-Modified"": ""Sun, 28 Jun 2026 08:37:34 GMT""}, ""html_title"": ""Data types — NumPy v2.5 Manual"", ""http_status"": 200, ""path"": ""acquired/documents/URL19.html"", ""readable_text_path"": ""readable/URL19-A01.txt"", ""representation"": ""HTML_PAGE_SNAPSHOT_NOT_WHOLE_SITE"", ""requested_url"": ""https://numpy.org/doc/stable/user/basics.types.html"", ""retrieved_utc"": ""2026-09-30T15:56:15.959862+00:00"", ""sha256"": ""19461a34955c19bbfa484f7cc0b323db8ff6cdf20e5bf497dafa8db673b1eb36"", ""source_id"": ""URL19""}"
ASSET:URL20-A01,URL20,URL20,https://perso.ens-lyon.fr/nathalie.revol/software.html,2026-09-30T15:56:16.449649+00:00,200,,,,SUCCESSFUL_PAYLOAD_RETRIEVAL,assets,"{""asset_id"": ""URL20-A01"", ""batch"": ""acquired"", ""bytes"": 10298, ""final_url"": ""https://perso.ens-lyon.fr/nathalie.revol/software.html"", ""headers"": {""Content-Length"": ""10298"", ""Content-Type"": ""text/html"", ""ETag"": ""\""283a-5d9df48ed5100\"""", ""Last-Modified"": ""Thu, 10 Mar 2022 15:58:28 GMT""}, ""html_title"": ""Nathalie Revol's home page: Software"", ""http_status"": 200, ""path"": ""acquired/documents/URL20.html"", ""readable_text_path"": ""readable/URL20-A01.txt"", ""representation"": ""HTML_PAGE_SNAPSHOT_NOT_WHOLE_SITE"", ""requested_url"": ""https://perso.ens-lyon.fr/nathalie.revol/software.html"", ""retrieved_utc"": ""2026-09-30T15:56:16.449649+00:00"", ""sha256"": ""04f460500fc64ac1f826fd73b936958d2915e3dc7b83b9109a0bb3092b7f068c"", ""source_id"": ""URL20""}"
ASSET:URL21-A01,URL21,URL21,https://umu.diva-portal.org/smash/record.jsf?language=sv&pid=diva2%3A2014645,2026-09-30T15:56:18.479229+00:00,200,,,,SUCCESSFUL_PAYLOAD_RETRIEVAL,assets,"{""asset_id"": ""URL21-A01"", ""batch"": ""acquired"", ""bytes"": 80380, ""final_url"": ""https://umu.diva-portal.org/smash/record.jsf?language=sv&pid=diva2%3A2014645&dswid=-7366"", ""headers"": {""Content-Length"": null, ""Content-Type"": ""text/html;charset=UTF-8"", ""ETag"": null, ""Last-Modified"": null}, ""html_title"": ""How accurate is Richardson's error estimate?"", ""http_status"": 200, ""path"": ""acquired/documents/URL21.html"", ""readable_text_path"": ""readable/URL21-A01.txt"", ""representation"": ""HTML_PAGE_SNAPSHOT_NOT_WHOLE_SITE"", ""requested_url"": ""https://umu.diva-portal.org/smash/record.jsf?language=sv&pid=diva2%3A2014645"", ""retrieved_utc"": ""2026-09-30T15:56:18.479229+00:00"", ""sha256"": ""fec5cad6cf3691420ee574f8cb3783ff3b02939a62ba424cb9a79d03dc0b10c9"", ""source_id"": ""URL21""}"
ASSET:URL22-A01,URL22,URL22,https://www.mpfr.org/mpfr-current/,2026-09-30T15:56:17.526087+00:00,200,,,,SUCCESSFUL_PAYLOAD_RETRIEVAL,assets,"{""asset_id"": ""URL22-A01"", ""batch"": ""acquired"", ""bytes"": 7752, ""final_url"": ""https://www.mpfr.org/mpfr-current/"", ""headers"": {""Content-Length"": ""7752"", ""Content-Type"": ""text/html; charset=ISO-8859-1"", ""ETag"": ""\""1e48-63bc70c69e510\"""", ""Last-Modified"": ""Thu, 07 Aug 2025 14:12:33 GMT""}, ""html_title"": ""GNU MPFR version 4.2.2"", ""http_status"": 200, ""path"": ""acquired/documents/URL22.html"", ""readable_text_path"": ""readable/URL22-A01.txt"", ""representation"": ""HTML_PAGE_SNAPSHOT_NOT_WHOLE_SITE"", ""requested_url"": ""https://www.mpfr.org/mpfr-current/"", ""retrieved_utc"": ""2026-09-30T15:56:17.526087+00:00"", ""sha256"": ""2bf0316537972ba065f01c1f65c947011ae59e38cb77868469ffd9b6b1bf9bf2"", ""source_id"": ""URL22""}"
ASSET:URL23-A01,URL23,URL23,https://www.mpfr.org/mpfr-current/mpfr.html,2026-09-30T15:56:18.094559+00:00,200,,,,SUCCESSFUL_PAYLOAD_RETRIEVAL,assets,"{""asset_id"": ""URL23-A01"", ""batch"": ""acquired"", ""bytes"": 562991, ""final_url"": ""https://www.mpfr.org/mpfr-current/mpfr.html"", ""headers"": {""Content-Length"": ""562991"", ""Content-Type"": ""text/html; charset=ISO-8859-1"", ""ETag"": ""\""8972f-64501e80346de\"""", ""Last-Modified"": ""Wed, 03 Dec 2025 01:12:30 GMT""}, ""html_title"": ""GNU MPFR 4.2.2"", ""http_status"": 200, ""path"": ""acquired/documents/URL23.html"", ""readable_text_path"": ""readable/URL23-A01.txt"", ""representation"": ""HTML_PAGE_SNAPSHOT_NOT_WHOLE_SITE"", ""requested_url"": ""https://www.mpfr.org/mpfr-current/mpfr.html"", ""retrieved_utc"": ""2026-09-30T15:56:18.094559+00:00"", ""sha256"": ""ee996f3dcc11d1f88393da162bdd90c3fa29191ca658c0fc594ffd38a22638bc"", ""source_id"": ""URL23""}"
LEGACY:URL24-R2:1,URL24,URL24-R2,https://www.researchgate.net/profile/Martin-Berz/publication/247699712_Taylor_models_and_other_validated_functional_inclusion_methods/links/02e7e5373627045452000000/Taylor-models-and-other-validated-functional-inclusion-methods.pdf,,HTTP Error 403: Forbidden,HTTP_403_ACCESS_DENIED,0,,HISTORICAL_ATTEMPT,attempts,"{""batch"": ""acquired"", ""error"": ""HTTP Error 403: Forbidden"", ""url"": ""https://www.researchgate.net/profile/Martin-Berz/publication/247699712_Taylor_models_and_other_validated_functional_inclusion_methods/links/02e7e5373627045452000000/Taylor-models-and-other-validated-functional-inclusion-methods.pdf""}"
LEGACY:URL24:0,URL24,URL24,https://www.researchgate.net/profile/Martin-Berz/publication/247699712_Taylor_models_and_other_validated_functional_inclusion_methods/links/02e7e5373627045452000000/Taylor-models-and-other-validated-functional-inclusion-methods.pdf,,HTTP Error 403: Forbidden,HTTP_403_ACCESS_DENIED,0,,HISTORICAL_ATTEMPT,attempts,"{""batch"": ""acquired"", ""error"": ""HTTP Error 403: Forbidden"", ""url"": ""https://www.researchgate.net/profile/Martin-Berz/publication/247699712_Taylor_models_and_other_validated_functional_inclusion_methods/links/02e7e5373627045452000000/Taylor-models-and-other-validated-functional-inclusion-methods.pdf""}"
LEGACY:URL25-R2:1,URL25,URL25-R2,https://www.researchgate.net/publication/397482071_How_Accurate_is_Richardson%27s_Error_Estimate,,HTTP Error 403: Forbidden,HTTP_403_ACCESS_DENIED,0,,HISTORICAL_ATTEMPT,attempts,"{""batch"": ""acquired"", ""error"": ""HTTP Error 403: Forbidden"", ""url"": ""https://www.researchgate.net/publication/397482071_How_Accurate_is_Richardson%27s_Error_Estimate""}"
LEGACY:URL25:0,URL25,URL25,https://www.researchgate.net/publication/397482071_How_Accurate_is_Richardson%27s_Error_Estimate,,HTTP Error 403: Forbidden,HTTP_403_ACCESS_DENIED,0,,HISTORICAL_ATTEMPT,attempts,"{""batch"": ""acquired"", ""error"": ""HTTP Error 403: Forbidden"", ""url"": ""https://www.researchgate.net/publication/397482071_How_Accurate_is_Richardson%27s_Error_Estimate""}"
LEGACY:URL26-R2:1,URL26,URL26-R2,https://www.sciencedirect.com/science/article/pii/S0377042701005866,,HTTP Error 403: Forbidden,HTTP_403_ACCESS_DENIED,0,,HISTORICAL_ATTEMPT,attempts,"{""batch"": ""acquired"", ""error"": ""HTTP Error 403: Forbidden"", ""url"": ""https://www.sciencedirect.com/science/article/pii/S0377042701005866""}"
LEGACY:URL26:0,URL26,URL26,https://www.sciencedirect.com/science/article/pii/S0377042701005866,,HTTP Error 403: Forbidden,HTTP_403_ACCESS_DENIED,0,,HISTORICAL_ATTEMPT,attempts,"{""batch"": ""acquired"", ""error"": ""HTTP Error 403: Forbidden"", ""url"": ""https://www.sciencedirect.com/science/article/pii/S0377042701005866""}"
ASSET:URL27-A01,URL27,URL27,https://www.tuhh.de/ti3/rump/intlab/,2026-09-30T15:56:17.957423+00:00,200,,,,SUCCESSFUL_PAYLOAD_RETRIEVAL,assets,"{""asset_id"": ""URL27-A01"", ""batch"": ""acquired"", ""bytes"": 18065, ""final_url"": ""https://www.tuhh.de/ti3/rump/intlab/"", ""headers"": {""Content-Length"": null, ""Content-Type"": ""text/html; charset=UTF-8"", ""ETag"": null, ""Last-Modified"": null}, ""html_title"": ""INTLAB - INTerval LABoratory"", ""http_status"": 200, ""path"": ""acquired/documents/URL27.html"", ""readable_text_path"": ""readable/URL27-A01.txt"", ""representation"": ""HTML_PAGE_SNAPSHOT_NOT_WHOLE_SITE"", ""requested_url"": ""https://www.tuhh.de/ti3/rump/intlab/"", ""retrieved_utc"": ""2026-09-30T15:56:17.957423+00:00"", ""sha256"": ""30e66f51edefc9f9db6844cb4c85c4b560f5df098f5e0587b34b7ba1022a835d"", ""source_id"": ""URL27""}"
