policy_id,source_id,repository,release_tag_version,version_requested,version_acquired,raw_source_acquired,commit_sha,tree_sha,release_date,source_archive_sha256,bytes,license,dependencies_json,canonical_upstream_url,acquisition_utc,authority_role,version_selection_rule,latest_stable_target_selected,record_json
POLICY-01,C01,flintlib/flint,v3.4.0,v3.4.0,v3.4.0,1,2b0788802abf62ec29d8e4a8f917993606e517e0,8d554eba0474f367aed7a6161668d2d14bb91ee1,,108ab51a4dd33918ff3308f0c63a63616ae30a2c174d50c9188676e85011346f,8702721,,null,https://codeload.github.com/flintlib/flint/tar.gz/2b0788802abf62ec29d8e4a8f917993606e517e0,2026-09-30T15:56:20.206915+00:00,PROJECT_PIN_NOT_INSTALL,PRESERVE_EXISTING_PIN_OR_ACQUIRED_IDENTITY,0,"{""acquisition_utc"": ""2026-09-30T15:56:20.206915+00:00"", ""authority_role"": ""PROJECT_PIN_NOT_INSTALL"", ""bytes"": 8702721, ""canonical_upstream_url"": ""https://codeload.github.com/flintlib/flint/tar.gz/2b0788802abf62ec29d8e4a8f917993606e517e0"", ""commit_sha"": ""2b0788802abf62ec29d8e4a8f917993606e517e0"", ""dependencies"": null, ""dependencies_status"": ""not installed or resolved by archival acquisition"", ""license"": null, ""license_status"": ""see retained upstream archive/documents; no inferred licence"", ""original_identity_unchanged"": true, ""release_date"": null, ""release_date_status"": ""not independently resolved; acquisition/header timestamps are not release dates"", ""release_tag_version"": ""v3.4.0"", ""repository"": ""flintlib/flint"", ""source_archive_sha256"": ""108ab51a4dd33918ff3308f0c63a63616ae30a2c174d50c9188676e85011346f"", ""source_id"": ""C01"", ""tree_sha"": ""8d554eba0474f367aed7a6161668d2d14bb91ee1"", ""version_selection_rule"": ""PRESERVE_EXISTING_PIN_OR_ACQUIRED_IDENTITY""}"
POLICY-02,C02,flintlib/flint,v3.6.0,v3.6.0,v3.6.0,1,8d5454b96761fafe4d5a9da76a369a602f500f49,18d57417a96227b27dd5336881403dee6fdc851b,,79a28883dab913f1d3d8765b9e6ddd79e88995fe86b991005444189ddfc14c6b,8788567,,null,https://codeload.github.com/flintlib/flint/tar.gz/8d5454b96761fafe4d5a9da76a369a602f500f49,2026-09-30T15:56:20.834373+00:00,UPSTREAM_SURVEY_NOT_ADOPTION,PRESERVE_EXISTING_PIN_OR_ACQUIRED_IDENTITY,0,"{""acquisition_utc"": ""2026-09-30T15:56:20.834373+00:00"", ""authority_role"": ""UPSTREAM_SURVEY_NOT_ADOPTION"", ""bytes"": 8788567, ""canonical_upstream_url"": ""https://codeload.github.com/flintlib/flint/tar.gz/8d5454b96761fafe4d5a9da76a369a602f500f49"", ""commit_sha"": ""8d5454b96761fafe4d5a9da76a369a602f500f49"", ""dependencies"": null, ""dependencies_status"": ""not installed or resolved by archival acquisition"", ""license"": null, ""license_status"": ""see retained upstream archive/documents; no inferred licence"", ""original_identity_unchanged"": true, ""release_date"": null, ""release_date_status"": ""not independently resolved; acquisition/header timestamps are not release dates"", ""release_tag_version"": ""v3.6.0"", ""repository"": ""flintlib/flint"", ""source_archive_sha256"": ""79a28883dab913f1d3d8765b9e6ddd79e88995fe86b991005444189ddfc14c6b"", ""source_id"": ""C02"", ""tree_sha"": ""18d57417a96227b27dd5336881403dee6fdc851b"", ""version_selection_rule"": ""PRESERVE_EXISTING_PIN_OR_ACQUIRED_IDENTITY""}"
POLICY-03,C03,flintlib/arb,resolved upstream archived-repository commit,resolved upstream archived-repository commit,resolved upstream archived-repository commit,1,af15c0070a6d9fbc551a2cbf23364387233b18e3,9703bf8071d3f2e0b5e76658dd30165bc053f82b,,19ee5f352b25f620a13b17797eef6f3a8a1deff2ef4ab677a819869519a517a1,2011997,,null,https://codeload.github.com/flintlib/arb/tar.gz/af15c0070a6d9fbc551a2cbf23364387233b18e3,2026-09-30T15:56:20.837872+00:00,HISTORICAL_ARCHIVE,PRESERVE_EXISTING_PIN_OR_ACQUIRED_IDENTITY,0,"{""acquisition_utc"": ""2026-09-30T15:56:20.837872+00:00"", ""authority_role"": ""HISTORICAL_ARCHIVE"", ""bytes"": 2011997, ""canonical_upstream_url"": ""https://codeload.github.com/flintlib/arb/tar.gz/af15c0070a6d9fbc551a2cbf23364387233b18e3"", ""commit_sha"": ""af15c0070a6d9fbc551a2cbf23364387233b18e3"", ""dependencies"": null, ""dependencies_status"": ""not installed or resolved by archival acquisition"", ""license"": null, ""license_status"": ""see retained upstream archive/documents; no inferred licence"", ""original_identity_unchanged"": true, ""release_date"": null, ""release_date_status"": ""not independently resolved; acquisition/header timestamps are not release dates"", ""release_tag_version"": ""resolved upstream archived-repository commit"", ""repository"": ""flintlib/arb"", ""source_archive_sha256"": ""19ee5f352b25f620a13b17797eef6f3a8a1deff2ef4ab677a819869519a517a1"", ""source_id"": ""C03"", ""tree_sha"": ""9703bf8071d3f2e0b5e76658dd30165bc053f82b"", ""version_selection_rule"": ""PRESERVE_EXISTING_PIN_OR_ACQUIRED_IDENTITY""}"
POLICY-04,C04,numpy/numpy,v2.3.5,v2.3.5,v2.3.5,1,c3d60fc8393f3ca3306b8ce8b6453d43737e3d90,57536adb313e102de1c9994c94befafc35076781,,49e3441dce6a47cb1c752cae7e23eed2f5900f23bd28a1bf514f7e336f87b242,9691640,,null,https://codeload.github.com/numpy/numpy/tar.gz/c3d60fc8393f3ca3306b8ce8b6453d43737e3d90,2026-09-30T15:56:22.136260+00:00,HISTORICAL_PRODUCER_REFERENCE,PRESERVE_EXISTING_PIN_OR_ACQUIRED_IDENTITY,0,"{""acquisition_utc"": ""2026-09-30T15:56:22.136260+00:00"", ""authority_role"": ""HISTORICAL_PRODUCER_REFERENCE"", ""bytes"": 9691640, ""canonical_upstream_url"": ""https://codeload.github.com/numpy/numpy/tar.gz/c3d60fc8393f3ca3306b8ce8b6453d43737e3d90"", ""commit_sha"": ""c3d60fc8393f3ca3306b8ce8b6453d43737e3d90"", ""dependencies"": null, ""dependencies_status"": ""not installed or resolved by archival acquisition"", ""license"": null, ""license_status"": ""see retained upstream archive/documents; no inferred licence"", ""original_identity_unchanged"": true, ""release_date"": null, ""release_date_status"": ""not independently resolved; acquisition/header timestamps are not release dates"", ""release_tag_version"": ""v2.3.5"", ""repository"": ""numpy/numpy"", ""source_archive_sha256"": ""49e3441dce6a47cb1c752cae7e23eed2f5900f23bd28a1bf514f7e336f87b242"", ""source_id"": ""C04"", ""tree_sha"": ""57536adb313e102de1c9994c94befafc35076781"", ""version_selection_rule"": ""PRESERVE_EXISTING_PIN_OR_ACQUIRED_IDENTITY""}"
POLICY-05,C05,CAPDGroup/CAPD,resolved default-branch commit,resolved default-branch commit,resolved default-branch commit,1,03dc5628203334b214bb7d9fd63788a175521005,7ed83c8777ca401378e0b820cfe9d40807ba06fe,,79ea39ef4eb7138f3e5465a1c3c4388f663bd8a4604bd0d2f4ae102621136250,3126305,,null,https://codeload.github.com/CAPDGroup/CAPD/tar.gz/03dc5628203334b214bb7d9fd63788a175521005,2026-09-30T15:56:21.659553+00:00,SURVEY_SNAPSHOT_NOT_BUILD,PRESERVE_EXISTING_PIN_OR_ACQUIRED_IDENTITY,0,"{""acquisition_utc"": ""2026-09-30T15:56:21.659553+00:00"", ""authority_role"": ""SURVEY_SNAPSHOT_NOT_BUILD"", ""bytes"": 3126305, ""canonical_upstream_url"": ""https://codeload.github.com/CAPDGroup/CAPD/tar.gz/03dc5628203334b214bb7d9fd63788a175521005"", ""commit_sha"": ""03dc5628203334b214bb7d9fd63788a175521005"", ""dependencies"": null, ""dependencies_status"": ""not installed or resolved by archival acquisition"", ""license"": null, ""license_status"": ""see retained upstream archive/documents; no inferred licence"", ""original_identity_unchanged"": true, ""release_date"": null, ""release_date_status"": ""not independently resolved; acquisition/header timestamps are not release dates"", ""release_tag_version"": ""resolved default-branch commit"", ""repository"": ""CAPDGroup/CAPD"", ""source_archive_sha256"": ""79ea39ef4eb7138f3e5465a1c3c4388f663bd8a4604bd0d2f4ae102621136250"", ""source_id"": ""C05"", ""tree_sha"": ""7ed83c8777ca401378e0b820cfe9d40807ba06fe"", ""version_selection_rule"": ""PRESERVE_EXISTING_PIN_OR_ACQUIRED_IDENTITY""}"
POLICY-06,C06,spockcc/ccpe2025-richardson,resolved default-branch commit,resolved default-branch commit,resolved default-branch commit,1,f0566d63375c417cae3edb98c49188e2687b1b76,076d6a914ce48772d15759c7a6e115e976be2180,,82f75f838457f6b011fc954114016d36f5b77500e0c63a3df2d995c6c6762caf,53676654,,null,https://codeload.github.com/spockcc/ccpe2025-richardson/tar.gz/f0566d63375c417cae3edb98c49188e2687b1b76,2026-09-30T15:56:23.590627+00:00,SURVEY_PAPER_REPRODUCIBILITY_CODE,PRESERVE_EXISTING_PIN_OR_ACQUIRED_IDENTITY,0,"{""acquisition_utc"": ""2026-09-30T15:56:23.590627+00:00"", ""authority_role"": ""SURVEY_PAPER_REPRODUCIBILITY_CODE"", ""bytes"": 53676654, ""canonical_upstream_url"": ""https://codeload.github.com/spockcc/ccpe2025-richardson/tar.gz/f0566d63375c417cae3edb98c49188e2687b1b76"", ""commit_sha"": ""f0566d63375c417cae3edb98c49188e2687b1b76"", ""dependencies"": null, ""dependencies_status"": ""not installed or resolved by archival acquisition"", ""license"": null, ""license_status"": ""see retained upstream archive/documents; no inferred licence"", ""original_identity_unchanged"": true, ""release_date"": null, ""release_date_status"": ""not independently resolved; acquisition/header timestamps are not release dates"", ""release_tag_version"": ""resolved default-branch commit"", ""repository"": ""spockcc/ccpe2025-richardson"", ""source_archive_sha256"": ""82f75f838457f6b011fc954114016d36f5b77500e0c63a3df2d995c6c6762caf"", ""source_id"": ""C06"", ""tree_sha"": ""076d6a914ce48772d15759c7a6e115e976be2180"", ""version_selection_rule"": ""PRESERVE_EXISTING_PIN_OR_ACQUIRED_IDENTITY""}"
POLICY-07,C07,chebfun/chebfun,resolved default-branch commit,resolved default-branch commit,resolved default-branch commit,1,7574c77680d7e82b79626300bf255498271a72df,a7def856a0cf5d0eac1f3b41be9d80e0d8de734d,,a9ec3194102c64e22376908ae974c2ee21b47ed4316b3e1996b110c789770e70,2397694,,null,https://codeload.github.com/chebfun/chebfun/tar.gz/7574c77680d7e82b79626300bf255498271a72df,2026-09-30T15:56:22.436627+00:00,PRIOR_THREAD_METHOD_REFERENCE,PRESERVE_EXISTING_PIN_OR_ACQUIRED_IDENTITY,0,"{""acquisition_utc"": ""2026-09-30T15:56:22.436627+00:00"", ""authority_role"": ""PRIOR_THREAD_METHOD_REFERENCE"", ""bytes"": 2397694, ""canonical_upstream_url"": ""https://codeload.github.com/chebfun/chebfun/tar.gz/7574c77680d7e82b79626300bf255498271a72df"", ""commit_sha"": ""7574c77680d7e82b79626300bf255498271a72df"", ""dependencies"": null, ""dependencies_status"": ""not installed or resolved by archival acquisition"", ""license"": null, ""license_status"": ""see retained upstream archive/documents; no inferred licence"", ""original_identity_unchanged"": true, ""release_date"": null, ""release_date_status"": ""not independently resolved; acquisition/header timestamps are not release dates"", ""release_tag_version"": ""resolved default-branch commit"", ""repository"": ""chebfun/chebfun"", ""source_archive_sha256"": ""a9ec3194102c64e22376908ae974c2ee21b47ed4316b3e1996b110c789770e70"", ""source_id"": ""C07"", ""tree_sha"": ""a7def856a0cf5d0eac1f3b41be9d80e0d8de734d"", ""version_selection_rule"": ""PRESERVE_EXISTING_PIN_OR_ACQUIRED_IDENTITY""}"
POLICY-08,C08,,4.2.2,4.2.2,4.2.2,1,,,,b67ba0383ef7e8a8563734e2e889ef5ec3c3b898a01d00fa0a6869ad81c6ce01,1505596,,null,https://www.mpfr.org/mpfr-4.2.2/mpfr-4.2.2.tar.xz,2026-09-30T15:56:23.616937+00:00,PINNED_DOC_OR_DEPENDENCY,PRESERVE_EXISTING_PIN_OR_ACQUIRED_IDENTITY,0,"{""acquisition_utc"": ""2026-09-30T15:56:23.616937+00:00"", ""authority_role"": ""PINNED_DOC_OR_DEPENDENCY"", ""bytes"": 1505596, ""canonical_upstream_url"": ""https://www.mpfr.org/mpfr-4.2.2/mpfr-4.2.2.tar.xz"", ""commit_sha"": null, ""dependencies"": null, ""dependencies_status"": ""not installed or resolved by archival acquisition"", ""license"": null, ""license_status"": ""see retained upstream archive/documents; no inferred licence"", ""original_identity_unchanged"": true, ""release_date"": null, ""release_date_status"": ""not independently resolved; acquisition/header timestamps are not release dates"", ""release_tag_version"": ""4.2.2"", ""repository"": null, ""source_archive_sha256"": ""b67ba0383ef7e8a8563734e2e889ef5ec3c3b898a01d00fa0a6869ad81c6ce01"", ""source_id"": ""C08"", ""tree_sha"": null, ""version_selection_rule"": ""PRESERVE_EXISTING_PIN_OR_ACQUIRED_IDENTITY""}"
POLICY-09,C09,,6.3.0,6.3.0,6.3.0,1,,,,a3c2b80201b89e68616f4ad30bc66aee4927c3ce50e33929ca819d5c43538898,2094196,,null,https://gmplib.org/download/gmp/gmp-6.3.0.tar.xz,2026-09-30T15:56:27.214623+00:00,PINNED_DOC_OR_DEPENDENCY,PRESERVE_EXISTING_PIN_OR_ACQUIRED_IDENTITY,0,"{""acquisition_utc"": ""2026-09-30T15:56:27.214623+00:00"", ""authority_role"": ""PINNED_DOC_OR_DEPENDENCY"", ""bytes"": 2094196, ""canonical_upstream_url"": ""https://gmplib.org/download/gmp/gmp-6.3.0.tar.xz"", ""commit_sha"": null, ""dependencies"": null, ""dependencies_status"": ""not installed or resolved by archival acquisition"", ""license"": null, ""license_status"": ""see retained upstream archive/documents; no inferred licence"", ""original_identity_unchanged"": true, ""release_date"": null, ""release_date_status"": ""not independently resolved; acquisition/header timestamps are not release dates"", ""release_tag_version"": ""6.3.0"", ""repository"": null, ""source_archive_sha256"": ""a3c2b80201b89e68616f4ad30bc66aee4927c3ce50e33929ca819d5c43538898"", ""source_id"": ""C09"", ""tree_sha"": null, ""version_selection_rule"": ""PRESERVE_EXISTING_PIN_OR_ACQUIRED_IDENTITY""}"
POLICY-10,C10,,1.5.4,1.5.4,1.5.4,1,,,,66230dc64f308cd3c10451cb6f95e83439ee7cce057c3c372a16b77eb7ba419e,224960,,null,https://gitlab.inria.fr/mpfi/mpfi/-/archive/1.5.4/mpfi-1.5.4.tar.gz,2026-09-30T15:56:24.953718+00:00,PINNED_DOC_OR_DEPENDENCY,PRESERVE_EXISTING_PIN_OR_ACQUIRED_IDENTITY,0,"{""acquisition_utc"": ""2026-09-30T15:56:24.953718+00:00"", ""authority_role"": ""PINNED_DOC_OR_DEPENDENCY"", ""bytes"": 224960, ""canonical_upstream_url"": ""https://gitlab.inria.fr/mpfi/mpfi/-/archive/1.5.4/mpfi-1.5.4.tar.gz"", ""commit_sha"": null, ""dependencies"": null, ""dependencies_status"": ""not installed or resolved by archival acquisition"", ""license"": null, ""license_status"": ""see retained upstream archive/documents; no inferred licence"", ""original_identity_unchanged"": true, ""release_date"": null, ""release_date_status"": ""not independently resolved; acquisition/header timestamps are not release dates"", ""release_tag_version"": ""1.5.4"", ""repository"": null, ""source_archive_sha256"": ""66230dc64f308cd3c10451cb6f95e83439ee7cce057c3c372a16b77eb7ba419e"", ""source_id"": ""C10"", ""tree_sha"": null, ""version_selection_rule"": ""PRESERVE_EXISTING_PIN_OR_ACQUIRED_IDENTITY""}"
POLICY-11,C11,,14.1 (not acquired),14.1,,0,,,,,,,null,,,SURVEY_CODE,PRESERVE_EXISTING_PIN_OR_ACQUIRED_IDENTITY,0,"{""acquisition_utc"": null, ""authority_role"": ""SURVEY_CODE"", ""bytes"": null, ""canonical_upstream_url"": null, ""commit_sha"": null, ""dependencies"": null, ""dependencies_status"": ""not installed or resolved by archival acquisition"", ""license"": null, ""license_status"": ""see retained upstream archive/documents; no inferred licence"", ""original_identity_unchanged"": true, ""release_date"": null, ""release_date_status"": ""not independently resolved; acquisition/header timestamps are not release dates"", ""release_tag_version"": ""14.1 (not acquired)"", ""repository"": null, ""source_archive_sha256"": null, ""source_id"": ""C11"", ""tree_sha"": null, ""version_selection_rule"": ""PRESERVE_EXISTING_PIN_OR_ACQUIRED_IDENTITY""}"
POLICY-12,C12,,not identified,not identified,,0,,,,,,,null,,,SURVEY_CODE,PRESERVE_EXISTING_PIN_OR_ACQUIRED_IDENTITY,0,"{""acquisition_utc"": null, ""authority_role"": ""SURVEY_CODE"", ""bytes"": null, ""canonical_upstream_url"": null, ""commit_sha"": null, ""dependencies"": null, ""dependencies_status"": ""not installed or resolved by archival acquisition"", ""license"": null, ""license_status"": ""see retained upstream archive/documents; no inferred licence"", ""original_identity_unchanged"": true, ""release_date"": null, ""release_date_status"": ""not independently resolved; acquisition/header timestamps are not release dates"", ""release_tag_version"": ""not identified"", ""repository"": null, ""source_archive_sha256"": null, ""source_id"": ""C12"", ""tree_sha"": null, ""version_selection_rule"": ""PRESERVE_EXISTING_PIN_OR_ACQUIRED_IDENTITY""}"
POLICY-13,C13,,unversioned author ZIP; bytes pinned,unversioned author ZIP; bytes pinned,unversioned author ZIP; bytes pinned,1,,,,2b7343326c58dc10dc75e456ff7b75346b017783c012d04f7e8a88cf5415fc44,25412,,null,https://www.tuhh.de/ti3/rump/AccSum.zip,2026-09-30T16:04:19.256977+00:00,REPORT_PAPER_CODE,PRESERVE_EXISTING_PIN_OR_ACQUIRED_IDENTITY,0,"{""acquisition_utc"": ""2026-09-30T16:04:19.256977+00:00"", ""authority_role"": ""REPORT_PAPER_CODE"", ""bytes"": 25412, ""canonical_upstream_url"": ""https://www.tuhh.de/ti3/rump/AccSum.zip"", ""commit_sha"": null, ""dependencies"": null, ""dependencies_status"": ""not installed or resolved by archival acquisition"", ""license"": null, ""license_status"": ""see retained upstream archive/documents; no inferred licence"", ""original_identity_unchanged"": true, ""release_date"": null, ""release_date_status"": ""not independently resolved; acquisition/header timestamps are not release dates"", ""release_tag_version"": ""unversioned author ZIP; bytes pinned"", ""repository"": null, ""source_archive_sha256"": ""2b7343326c58dc10dc75e456ff7b75346b017783c012d04f7e8a88cf5415fc44"", ""source_id"": ""C13"", ""tree_sha"": null, ""version_selection_rule"": ""PRESERVE_EXISTING_PIN_OR_ACQUIRED_IDENTITY""}"
POLICY-14,C12,https://www.bmtdynamics.org/cosy/,10.2,10.2,,0,,,,,,Personal registered noncommercial licence; commercial licence separately,null,https://www.bmtdynamics.org/cosy/,2026-09-30T21:55:13.533249+00:00,SURVEY_REFERENCE_ONLY_NOT_PROJECT_BACKEND,LATEST_OFFICIAL_DOCUMENTED_STABLE_TARGET,1,"{""acquisition_utc"": ""2026-09-30T21:55:13.533249+00:00"", ""authority_role"": ""SURVEY_REFERENCE_ONLY_NOT_PROJECT_BACKEND"", ""bytes"": null, ""canonical_upstream_url"": ""https://www.bmtdynamics.org/cosy/"", ""commit_sha"": null, ""dependencies"": null, ""documentation_version_acquired"": ""10.2"", ""license"": ""Personal registered noncommercial licence; commercial licence separately"", ""release_date"": null, ""release_tag_version"": ""10.2"", ""repository"": ""https://www.bmtdynamics.org/cosy/"", ""source_acquired"": false, ""source_archive_sha256"": null, ""source_id"": ""C12"", ""tree_sha"": null, ""version_acquired"": null, ""version_is_latest_stable"": true, ""version_requested"": ""10.2"", ""version_selection_rule"": ""LATEST_OFFICIAL_DOCUMENTED_STABLE_TARGET""}"
POLICY-15,C14,https://www2.math.uni-wuppertal.de/wrswt/xsc/pascal-xsc/software/petras/,,,unversioned official archive; SHA256 pinned,1,,,,bec41cca09213ca13df910deed5ea8c4ace7a85916f2eff2759c13095cb821ba,46148,,"[""PASCAL-XSC compiler and libraries (historical description cites 2.7.2.1)""]",https://www2.math.uni-wuppertal.de/wrswt/xsc/pascal-xsc/software/petras/cinte.tgz,2026-09-30T21:55:13.058686+00:00,HISTORICAL_METHOD_REFERENCE_NOT_COSY_SUBSTITUTE,NO_OFFICIAL_RELEASE_TAG_OR_GIT_REPOSITORY_IDENTIFIED; CURRENT_OFFICIAL_UNVERSIONED_ARCHIVE_BYTES_PINNED,0,"{""acquisition_utc"": ""2026-09-30T21:55:13.058686+00:00"", ""authority_role"": ""HISTORICAL_METHOD_REFERENCE_NOT_COSY_SUBSTITUTE"", ""bytes"": 46148, ""canonical_upstream_url"": ""https://www2.math.uni-wuppertal.de/wrswt/xsc/pascal-xsc/software/petras/cinte.tgz"", ""commit_sha"": null, ""dependencies"": [""PASCAL-XSC compiler and libraries (historical description cites 2.7.2.1)""], ""executed"": false, ""license"": null, ""license_status"": ""No explicit licence file found; official public preservation copy, not public redistribution permission"", ""release_date"": null, ""release_tag_version"": null, ""repository"": ""https://www2.math.uni-wuppertal.de/wrswt/xsc/pascal-xsc/software/petras/"", ""source_acquired"": true, ""source_archive_sha256"": ""bec41cca09213ca13df910deed5ea8c4ace7a85916f2eff2759c13095cb821ba"", ""source_id"": ""C14"", ""tree_sha"": null, ""version_is_latest_stable"": null, ""version_selection_rule"": ""NO_OFFICIAL_RELEASE_TAG_OR_GIT_REPOSITORY_IDENTIFIED; CURRENT_OFFICIAL_UNVERSIONED_ARCHIVE_BYTES_PINNED""}"
