asset_id,record_id,source_id,payload_archive,package_path,bytes,sha256,mime_type,observed_format,original_filename,filename_evidence,normalized_local_filename,original_source_url,final_url,retrieved_utc,http_status,http_metadata_json,representation,page_count,title_identity_status,inspection_json,local_bytes_hash_verified,backup_set_id,restore_verified
C01-A01,C01,C01,WU088_HH_LITERATURE_CODE_ARCHIVE_20261001_v2_RECOVERY.zip,previous_v1/acquired/code/C01.tar.gz,8702721,108ab51a4dd33918ff3308f0c63a63616ae30a2c174d50c9188676e85011346f,application/gzip,SOURCE_TAR_ARCHIVE,2b0788802abf62ec29d8e4a8f917993606e517e0,FINAL_OR_REQUEST_URL_BASENAME; CONTENT_DISPOSITION_NOT_OBSERVED,C01.tar.gz,https://codeload.github.com/flintlib/flint/tar.gz/2b0788802abf62ec29d8e4a8f917993606e517e0,https://codeload.github.com/flintlib/flint/tar.gz/2b0788802abf62ec29d8e4a8f917993606e517e0,2026-09-30T15:56:20.206915+00:00,200,"{""Content-Length"": null, ""Content-Type"": ""application/x-gzip"", ""ETag"": ""\""a0019d915c23b38f07f5e36f30b3f85d1e7af1ec719ea40f4b141088322bc9c7\"""", ""Last-Modified"": null}",SOURCE_ARCHIVE_SNAPSHOT,,,"{""archive_member_count"": 10193, ""downloaded_code_executed"": false, ""member_headers_read"": true, ""ocr_performed"": false, ""top_level"": [""flint-2b0788802abf62ec29d8e4a8f917993606e517e0""]}",1,WU088_V2_CONTENT_PART_UNION,0
C02-A01,C02,C02,WU088_HH_LITERATURE_CODE_ARCHIVE_20261001_v2_RECOVERY.zip,previous_v1/acquired/code/C02.tar.gz,8788567,79a28883dab913f1d3d8765b9e6ddd79e88995fe86b991005444189ddfc14c6b,application/gzip,SOURCE_TAR_ARCHIVE,8d5454b96761fafe4d5a9da76a369a602f500f49,FINAL_OR_REQUEST_URL_BASENAME; CONTENT_DISPOSITION_NOT_OBSERVED,C02.tar.gz,https://codeload.github.com/flintlib/flint/tar.gz/8d5454b96761fafe4d5a9da76a369a602f500f49,https://codeload.github.com/flintlib/flint/tar.gz/8d5454b96761fafe4d5a9da76a369a602f500f49,2026-09-30T15:56:20.834373+00:00,200,"{""Content-Length"": null, ""Content-Type"": ""application/x-gzip"", ""ETag"": ""\""5e06cfb6e9668a98121bb860c7f9ad5101854eb4b3a8e832db5aebe5601416c3\"""", ""Last-Modified"": null}",SOURCE_ARCHIVE_SNAPSHOT,,,"{""archive_member_count"": 10496, ""downloaded_code_executed"": false, ""member_headers_read"": true, ""ocr_performed"": false, ""top_level"": [""flint-8d5454b96761fafe4d5a9da76a369a602f500f49""]}",1,WU088_V2_CONTENT_PART_UNION,0
C03-A01,C03,C03,WU088_HH_LITERATURE_CODE_ARCHIVE_20261001_v2_RECOVERY.zip,previous_v1/acquired/code/C03.tar.gz,2011997,19ee5f352b25f620a13b17797eef6f3a8a1deff2ef4ab677a819869519a517a1,application/gzip,SOURCE_TAR_ARCHIVE,af15c0070a6d9fbc551a2cbf23364387233b18e3,FINAL_OR_REQUEST_URL_BASENAME; CONTENT_DISPOSITION_NOT_OBSERVED,C03.tar.gz,https://codeload.github.com/flintlib/arb/tar.gz/af15c0070a6d9fbc551a2cbf23364387233b18e3,https://codeload.github.com/flintlib/arb/tar.gz/af15c0070a6d9fbc551a2cbf23364387233b18e3,2026-09-30T15:56:20.837872+00:00,200,"{""Content-Length"": null, ""Content-Type"": ""application/x-gzip"", ""ETag"": ""\""9c35639a7162dc808f981096c62b0742c4bd880c1f9682755692bec55a70809e\"""", ""Last-Modified"": null}",SOURCE_ARCHIVE_SNAPSHOT,,,"{""archive_member_count"": 2494, ""downloaded_code_executed"": false, ""member_headers_read"": true, ""ocr_performed"": false, ""top_level"": [""arb-af15c0070a6d9fbc551a2cbf23364387233b18e3""]}",1,WU088_V2_CONTENT_PART_UNION,0
C04-A01,C04,C04,WU088_HH_LITERATURE_CODE_ARCHIVE_20261001_v2_RECOVERY.zip,previous_v1/acquired/code/C04.tar.gz,9691640,49e3441dce6a47cb1c752cae7e23eed2f5900f23bd28a1bf514f7e336f87b242,application/gzip,SOURCE_TAR_ARCHIVE,c3d60fc8393f3ca3306b8ce8b6453d43737e3d90,FINAL_OR_REQUEST_URL_BASENAME; CONTENT_DISPOSITION_NOT_OBSERVED,C04.tar.gz,https://codeload.github.com/numpy/numpy/tar.gz/c3d60fc8393f3ca3306b8ce8b6453d43737e3d90,https://codeload.github.com/numpy/numpy/tar.gz/c3d60fc8393f3ca3306b8ce8b6453d43737e3d90,2026-09-30T15:56:22.136260+00:00,200,"{""Content-Length"": null, ""Content-Type"": ""application/x-gzip"", ""ETag"": ""\""5965f28acb0f2b49d630efd7417ba46d024c7bbfb985c5c4ddd59b4dbc6652f0\"""", ""Last-Modified"": null}",SOURCE_ARCHIVE_SNAPSHOT,,,"{""archive_member_count"": 2533, ""downloaded_code_executed"": false, ""member_headers_read"": true, ""ocr_performed"": false, ""top_level"": [""numpy-c3d60fc8393f3ca3306b8ce8b6453d43737e3d90""]}",1,WU088_V2_CONTENT_PART_UNION,0
C05-A01,C05,C05,WU088_HH_LITERATURE_CODE_ARCHIVE_20261001_v2_RECOVERY.zip,previous_v1/acquired/code/C05.tar.gz,3126305,79ea39ef4eb7138f3e5465a1c3c4388f663bd8a4604bd0d2f4ae102621136250,application/gzip,SOURCE_TAR_ARCHIVE,03dc5628203334b214bb7d9fd63788a175521005,FINAL_OR_REQUEST_URL_BASENAME; CONTENT_DISPOSITION_NOT_OBSERVED,C05.tar.gz,https://codeload.github.com/CAPDGroup/CAPD/tar.gz/03dc5628203334b214bb7d9fd63788a175521005,https://codeload.github.com/CAPDGroup/CAPD/tar.gz/03dc5628203334b214bb7d9fd63788a175521005,2026-09-30T15:56:21.659553+00:00,200,"{""Content-Length"": null, ""Content-Type"": ""application/x-gzip"", ""ETag"": ""\""faf17b449da099af958a807bdf2f40f616ca8c78e5943763f59fe79640d63ae6\"""", ""Last-Modified"": null}",SOURCE_ARCHIVE_SNAPSHOT,,,"{""archive_member_count"": 2735, ""downloaded_code_executed"": false, ""member_headers_read"": true, ""ocr_performed"": false, ""top_level"": [""CAPD-03dc5628203334b214bb7d9fd63788a175521005""]}",1,WU088_V2_CONTENT_PART_UNION,0
C06-A01,C06,C06,WU088_HH_LITERATURE_CODE_ARCHIVE_20261001_v2_RECOVERY.zip,previous_v1/acquired/code/C06.tar.gz,53676654,82f75f838457f6b011fc954114016d36f5b77500e0c63a3df2d995c6c6762caf,application/gzip,SOURCE_TAR_ARCHIVE,f0566d63375c417cae3edb98c49188e2687b1b76,FINAL_OR_REQUEST_URL_BASENAME; CONTENT_DISPOSITION_NOT_OBSERVED,C06.tar.gz,https://codeload.github.com/spockcc/ccpe2025-richardson/tar.gz/f0566d63375c417cae3edb98c49188e2687b1b76,https://codeload.github.com/spockcc/ccpe2025-richardson/tar.gz/f0566d63375c417cae3edb98c49188e2687b1b76,2026-09-30T15:56:23.590627+00:00,200,"{""Content-Length"": null, ""Content-Type"": ""application/x-gzip"", ""ETag"": ""\""3861c462a1e82014c612e1100a8282d661ad4300638a4c00f06c60fe6ab179dd\"""", ""Last-Modified"": null}",SOURCE_ARCHIVE_SNAPSHOT,,,"{""archive_member_count"": 276, ""downloaded_code_executed"": false, ""member_headers_read"": true, ""ocr_performed"": false, ""top_level"": [""ccpe2025-richardson-f0566d63375c417cae3edb98c49188e2687b1b76""]}",1,WU088_V2_CONTENT_PART_UNION,0
C07-A01,C07,C07,WU088_HH_LITERATURE_CODE_ARCHIVE_20261001_v2_RECOVERY.zip,previous_v1/acquired/code/C07.tar.gz,2397694,a9ec3194102c64e22376908ae974c2ee21b47ed4316b3e1996b110c789770e70,application/gzip,SOURCE_TAR_ARCHIVE,7574c77680d7e82b79626300bf255498271a72df,FINAL_OR_REQUEST_URL_BASENAME; CONTENT_DISPOSITION_NOT_OBSERVED,C07.tar.gz,https://codeload.github.com/chebfun/chebfun/tar.gz/7574c77680d7e82b79626300bf255498271a72df,https://codeload.github.com/chebfun/chebfun/tar.gz/7574c77680d7e82b79626300bf255498271a72df,2026-09-30T15:56:22.436627+00:00,200,"{""Content-Length"": null, ""Content-Type"": ""application/x-gzip"", ""ETag"": ""\""04ec6afa3f1dff4dda00f85486fd3438bf40501ac2f0efb6a3e441b98027e981\"""", ""Last-Modified"": null}",SOURCE_ARCHIVE_SNAPSHOT,,,"{""archive_member_count"": 3645, ""downloaded_code_executed"": false, ""member_headers_read"": true, ""ocr_performed"": false, ""top_level"": [""chebfun-7574c77680d7e82b79626300bf255498271a72df""]}",1,WU088_V2_CONTENT_PART_UNION,0
C08-A01,C08,C08,WU088_HH_LITERATURE_CODE_ARCHIVE_20261001_v2_RECOVERY.zip,previous_v1/acquired/code/C08.tar.xz,1505596,b67ba0383ef7e8a8563734e2e889ef5ec3c3b898a01d00fa0a6869ad81c6ce01,application/x-tar,TEXT_OR_OTHER_SNAPSHOT,mpfr-4.2.2.tar.xz,FINAL_OR_REQUEST_URL_BASENAME; CONTENT_DISPOSITION_NOT_OBSERVED,C08.tar.xz,https://www.mpfr.org/mpfr-4.2.2/mpfr-4.2.2.tar.xz,https://www.mpfr.org/mpfr-4.2.2/mpfr-4.2.2.tar.xz,2026-09-30T15:56:23.616937+00:00,200,"{""Content-Length"": ""1505596"", ""Content-Type"": ""application/x-xz"", ""ETag"": ""\""16f93c-630c60c449bda\"""", ""Last-Modified"": ""Thu, 20 Mar 2025 13:23:47 GMT""}",SOURCE_ARCHIVE_SNAPSHOT,,,"{""downloaded_code_executed"": false, ""ocr_performed"": false}",1,WU088_V2_CONTENT_PART_UNION,0
C09-A01,C09,C09,WU088_HH_LITERATURE_CODE_ARCHIVE_20261001_v2_RECOVERY.zip,previous_v1/acquired/code/C09.tar.xz,2094196,a3c2b80201b89e68616f4ad30bc66aee4927c3ce50e33929ca819d5c43538898,application/x-tar,TEXT_OR_OTHER_SNAPSHOT,gmp-6.3.0.tar.xz,FINAL_OR_REQUEST_URL_BASENAME; CONTENT_DISPOSITION_NOT_OBSERVED,C09.tar.xz,https://gmplib.org/download/gmp/gmp-6.3.0.tar.xz,https://gmplib.org/download/gmp/gmp-6.3.0.tar.xz,2026-09-30T15:56:27.214623+00:00,200,"{""Content-Length"": ""2094196"", ""Content-Type"": ""application/octet-stream"", ""ETag"": ""\""64c51753-1ff474\"""", ""Last-Modified"": ""Sat, 29 Jul 2023 13:42:43 GMT""}",SOURCE_ARCHIVE_SNAPSHOT,,,"{""downloaded_code_executed"": false, ""ocr_performed"": false}",1,WU088_V2_CONTENT_PART_UNION,0
C10-A01,C10,C10,WU088_HH_LITERATURE_CODE_ARCHIVE_20261001_v2_RECOVERY.zip,previous_v1/acquired/code/C10.tar.gz,224960,66230dc64f308cd3c10451cb6f95e83439ee7cce057c3c372a16b77eb7ba419e,application/gzip,SOURCE_TAR_ARCHIVE,mpfi-1.5.4.tar.gz,FINAL_OR_REQUEST_URL_BASENAME; CONTENT_DISPOSITION_NOT_OBSERVED,C10.tar.gz,https://gitlab.inria.fr/mpfi/mpfi/-/archive/1.5.4/mpfi-1.5.4.tar.gz,https://gitlab.inria.fr/mpfi/mpfi/-/archive/1.5.4/mpfi-1.5.4.tar.gz,2026-09-30T15:56:24.953718+00:00,200,"{""Content-Length"": null, ""Content-Type"": ""application/octet-stream"", ""ETag"": ""\""7143424ac95f32fb79856ffdb80091f8\"""", ""Last-Modified"": null}",SOURCE_ARCHIVE_SNAPSHOT,,,"{""archive_member_count"": 497, ""downloaded_code_executed"": false, ""member_headers_read"": true, ""ocr_performed"": false, ""top_level"": [""mpfi-1.5.4""]}",1,WU088_V2_CONTENT_PART_UNION,0
C12-MANUAL-R2-A1,C12-MANUAL-R2,C12,WU088_HH_LITERATURE_CODE_ARCHIVE_20261001_v2_RECOVERY.zip,recovery/files/C12_MANUAL.pdf,375207,18de0ffc8be0235443aa35bb830dff7ead5a21f521b54201a67e43eb4f28b2dd,application/pdf,PDF,COSYProgMan102.pdf,RECORDED_ORIGINAL_FILENAME,C12_MANUAL.pdf,https://www.bmtdynamics.org/cosy/manual/COSYProgMan102.pdf,https://www.bmtdynamics.org/cosy/manual/COSYProgMan102.pdf,2026-09-30T21:55:13.533249+00:00,200,"{""Content-Length"": ""375207"", ""ETag"": ""\""5b9a7-5f92c258677c0\"""", ""Last-Modified"": ""Wed, 12 Apr 2023 23:41:27 GMT""}",official_manual,110,PRIOR_FIRST_PAGE_INSPECTION_RECORDED,"{""downloaded_code_executed"": false, ""format"": ""pdf"", ""ocr_performed"": false, ""pdf_magic_verified"": true, ""pdf_magic_verified_current_build"": true, ""prior_pdf_inspection_evidence"": ""provenance/PAYLOAD_INSPECTION.json:C12_MANUAL.pdf""}",1,WU088_V2_CONTENT_PART_UNION,0
C12-WEB-R2-A1,C12-WEB-R2,C12,WU088_HH_LITERATURE_CODE_ARCHIVE_20261001_v2_RECOVERY.zip,recovery/files/C12_OFFICIAL.html,56671,b510c5eeb46dc4d321425e73cfbedfc0be5ad08345cb1512adf87abd62dedb89,text/html,HTML_SNAPSHOT,cosy,RECORDED_ORIGINAL_FILENAME,C12_OFFICIAL.html,https://www.bmtdynamics.org/cosy/,https://www.bmtdynamics.org/cosy/,2026-09-30T21:55:13.479401+00:00,200,"{""Content-Length"": ""56671"", ""ETag"": ""\""dd5f-5e7f15e502ac0\"""", ""Last-Modified"": ""Mon, 05 Sep 2022 17:25:39 GMT""}",web_snapshot,,,"{""downloaded_code_executed"": false, ""format"": ""html"", ""ocr_performed"": false, ""snapshot_not_full_site"": true}",1,WU088_V2_CONTENT_PART_UNION,0
C13-A01,C13,C13,WU088_HH_LITERATURE_CODE_ARCHIVE_20261001_v2_RECOVERY.zip,previous_v1/supplement/documents/C13.zip,25412,2b7343326c58dc10dc75e456ff7b75346b017783c012d04f7e8a88cf5415fc44,application/zip,SOURCE_ZIP_ARCHIVE,AccSum.zip,FINAL_OR_REQUEST_URL_BASENAME; CONTENT_DISPOSITION_NOT_OBSERVED,C13.zip,https://www.tuhh.de/ti3/rump/AccSum.zip,https://www.tuhh.de/ti3/rump/AccSum.zip,2026-09-30T16:04:19.256977+00:00,200,"{""Content-Length"": ""25412"", ""Content-Type"": ""application/zip"", ""ETag"": ""\""6344-5b2b72958d480\"""", ""Last-Modified"": ""Wed, 28 Oct 2020 08:43:46 GMT""}",SOURCE_ARCHIVE_SNAPSHOT,,,"{""archive_member_count"": 32, ""downloaded_code_executed"": false, ""ocr_performed"": false, ""top_level"": [""AccSum""], ""zip_crc_verified"": true}",1,WU088_V2_CONTENT_PART_UNION,0
C14-A1,C14,C14,WU088_HH_LITERATURE_CODE_ARCHIVE_20261001_v2_RECOVERY.zip,recovery/files/C14_CINTE.tgz,46148,bec41cca09213ca13df910deed5ea8c4ace7a85916f2eff2759c13095cb821ba,application/gzip,SOURCE_TAR_ARCHIVE,cinte.tgz,RECORDED_ORIGINAL_FILENAME,C14_CINTE.tgz,https://www2.math.uni-wuppertal.de/wrswt/xsc/pascal-xsc/software/petras/cinte.tgz,https://www2.math.uni-wuppertal.de/wrswt/xsc/pascal-xsc/software/petras/cinte.tgz,2026-09-30T21:55:13.058686+00:00,200,"{""Content-Length"": ""46148"", ""ETag"": ""\""b444-43b20c205e0c0\"""", ""Last-Modified"": ""Thu, 27 Sep 2007 16:49:47 GMT""}",official_source_archive,,,"{""archive_integrity_verified"": true, ""archive_member_count"": 13, ""downloaded_code_executed"": false, ""executed"": false, ""extracted"": false, ""format"": ""tar"", ""member_count"": 13, ""member_headers_read"": true, ""members"": [""."", ""ade_ari.p"", ""ade_comf.p"", ""arith.p"", ""bi_ari.p"", ""cinte.p"", ""cinte_comf.p"", ""test1.p"", ""test2.p"", ""test3.p"", ""makefile"", ""formeln.p"", ""g_form.p""], ""ocr_performed"": false, ""top_level"": [""."", ""ade_ari.p"", ""ade_comf.p"", ""arith.p"", ""bi_ari.p"", ""cinte.p"", ""cinte_comf.p"", ""formeln.p"", ""g_form.p"", ""makefile"", ""test1.p"", ""test2.p"", ""test3.p""], ""top_level_directories"": [""."", ""ade_ari.p"", ""ade_comf.p"", ""arith.p"", ""bi_ari.p"", ""cinte.p"", ""cinte_comf.p"", ""formeln.p"", ""g_form.p"", ""makefile"", ""test1.p"", ""test2.p"", ""test3.p""]}",1,WU088_V2_CONTENT_PART_UNION,0
C14-DOCS-R2-A1,C14-DOCS-R2,C14,WU088_HH_LITERATURE_CODE_ARCHIVE_20261001_v2_RECOVERY.zip,recovery/files/C14_DESCRIPTION.html,13487,2779cb158769e41e2cb7d338eb6a79b7036f1f1c329e73ce747a5964f536e07e,text/html,HTML_SNAPSHOT,description.html,RECORDED_ORIGINAL_FILENAME,C14_DESCRIPTION.html,https://www2.math.uni-wuppertal.de/wrswt/xsc/pascal-xsc/software/petras/description.html,https://www2.math.uni-wuppertal.de/wrswt/xsc/pascal-xsc/software/petras/description.html,2026-09-30T21:55:13.690076+00:00,200,"{""Content-Length"": ""13487"", ""ETag"": ""\""34af-48daf3cd18580\"""", ""Last-Modified"": ""Fri, 13 Aug 2010 07:14:46 GMT""}",web_snapshot,,,"{""downloaded_code_executed"": false, ""format"": ""html"", ""ocr_performed"": false, ""snapshot_not_full_site"": true}",1,WU088_V2_CONTENT_PART_UNION,0
D01-A01,D01,D01,WU088_HH_LITERATURE_CODE_ARCHIVE_20261001_v2_RECOVERY.zip,previous_v1/supplement/papers/D01.pdf,6213917,b0b171b79d91bcb24acaa82e7619d2e600a53b85e460a371d97c0f8837b56a6f,application/pdf,PDF,flint-3.4.0.pdf,FINAL_OR_REQUEST_URL_BASENAME; CONTENT_DISPOSITION_NOT_OBSERVED,D01.pdf,https://flintlib.org/download/flint-3.4.0.pdf,https://flintlib.org/download/flint-3.4.0.pdf,2026-09-30T16:04:18.619216+00:00,200,"{""Content-Length"": ""6213917"", ""Content-Type"": ""application/pdf"", ""ETag"": ""\""6925b99b-5ed11d\"""", ""Last-Modified"": ""Tue, 25 Nov 2025 14:13:47 GMT""}",FULL_PDF,1348,FIRST_PAGE_INSPECTED_AND_MATCHED,"{""downloaded_code_executed"": false, ""ocr_performed"": false, ""pdf_magic_verified_current_build"": true}",1,WU088_V2_CONTENT_PART_UNION,0
D02-A01,D02,D02,WU088_HH_LITERATURE_CODE_ARCHIVE_20261001_v2_RECOVERY.zip,previous_v1/acquired/papers/D02.pdf,508750,6402480c32a9272191a0f1c2f39083ee93c0fb3afe5611bd144eb4f9aa7e9177,application/pdf,PDF,mpfr.pdf,FINAL_OR_REQUEST_URL_BASENAME; CONTENT_DISPOSITION_NOT_OBSERVED,D02.pdf,https://www.mpfr.org/mpfr-4.2.2/mpfr.pdf,https://www.mpfr.org/mpfr-4.2.2/mpfr.pdf,2026-09-30T15:56:24.609093+00:00,200,"{""Content-Length"": ""508750"", ""Content-Type"": ""application/pdf"", ""ETag"": ""\""7c34e-630c60c4806e4\"""", ""Last-Modified"": ""Thu, 20 Mar 2025 13:23:47 GMT""}",FULL_PDF,78,FIRST_PAGE_INSPECTED_AND_MATCHED,"{""downloaded_code_executed"": false, ""ocr_performed"": false, ""pdf_magic_verified_current_build"": true}",1,WU088_V2_CONTENT_PART_UNION,0
D03-A01,D03,D03,WU088_HH_LITERATURE_CODE_ARCHIVE_20261001_v2_RECOVERY.zip,previous_v1/acquired/papers/D03.pdf,570340,69e117a13b560b1b957c15f05a61b130ca56828f05dca951e27cb8e2ada14283,application/pdf,PDF,x86_64-abi-0.99.pdf,FINAL_OR_REQUEST_URL_BASENAME; CONTENT_DISPOSITION_NOT_OBSERVED,D03.pdf,https://refspecs.linuxfoundation.org/elf/x86_64-abi-0.99.pdf,https://refspecs.linuxfoundation.org/elf/x86_64-abi-0.99.pdf,2026-09-30T15:56:25.566104+00:00,200,"{""Content-Length"": ""570340"", ""Content-Type"": ""application/pdf"", ""ETag"": ""\""8b3e4-50db916ee24e2\"""", ""Last-Modified"": ""Wed, 28 Jan 2015 16:44:48 GMT""}",FULL_PDF,128,FIRST_PAGE_INSPECTED_AND_MATCHED,"{""downloaded_code_executed"": false, ""ocr_performed"": false, ""pdf_magic_verified_current_build"": true}",1,WU088_V2_CONTENT_PART_UNION,0
D04-A01,D04,D04,WU088_HH_LITERATURE_CODE_ARCHIVE_20261001_v2_RECOVERY.zip,previous_v1/acquired/papers/D04.pdf,843919,5f935caa9ab1074fba1620fe77b9745cb0476a8116df6d26d08b4fef22aa1cf8,application/pdf,PDF,gmp-man-6.3.0.pdf,FINAL_OR_REQUEST_URL_BASENAME; CONTENT_DISPOSITION_NOT_OBSERVED,D04.pdf,https://gmplib.org/gmp-man-6.3.0.pdf,https://gmplib.org/gmp-man-6.3.0.pdf,2026-09-30T15:56:26.405935+00:00,200,"{""Content-Length"": ""843919"", ""Content-Type"": ""application/pdf"", ""ETag"": ""\""64c6e08c-ce08f\"""", ""Last-Modified"": ""Sun, 30 Jul 2023 22:13:32 GMT""}",FULL_PDF,152,FIRST_PAGE_INSPECTED_AND_MATCHED,"{""downloaded_code_executed"": false, ""ocr_performed"": false, ""pdf_magic_verified_current_build"": true}",1,WU088_V2_CONTENT_PART_UNION,0
D05-A01,D05,D05,WU088_HH_LITERATURE_CODE_ARCHIVE_20261001_v2_RECOVERY.zip,previous_v1/acquired/documents/D05.html,7877,c8e92084453aa000d37fd0ae1a7cc5437c738e7bbdb24b0e04423a02a7eb5b16,text/html,HTML_SNAPSHOT,EntireBound.html,FINAL_OR_REQUEST_URL_BASENAME; CONTENT_DISPOSITION_NOT_OBSERVED,D05.html,https://www.chebfun.org/examples/approx/EntireBound.html,https://www.chebfun.org/examples/approx/EntireBound.html,2026-09-30T15:56:25.135319+00:00,200,"{""Content-Length"": ""7877"", ""Content-Type"": ""text/html; charset=utf-8"", ""ETag"": ""\""68a70867-1ec5\"""", ""Last-Modified"": ""Thu, 21 Aug 2025 11:52:07 GMT""}",HTML_PAGE_SNAPSHOT_NOT_WHOLE_SITE,,,"{""downloaded_code_executed"": false, ""ocr_performed"": false}",1,WU088_V2_CONTENT_PART_UNION,0
D06-A01,D06,D06,WU088_HH_LITERATURE_CODE_ARCHIVE_20261001_v2_RECOVERY.zip,previous_v1/acquired/documents/D06.html,5861,067f71b5aad00b10d7559607fcffcb4f6325732b1fdf4dcc63fcd203504a3d92,text/html,HTML_SNAPSHOT,Obtain_INTLAB.shtml,FINAL_OR_REQUEST_URL_BASENAME; CONTENT_DISPOSITION_NOT_OBSERVED,D06.html,https://www.tuhh.de/ti3/rump/intlab/Obtain_INTLAB.shtml,https://www.tuhh.de/ti3/rump/intlab/Obtain_INTLAB.shtml,2026-09-30T15:56:25.454823+00:00,200,"{""Content-Length"": null, ""Content-Type"": ""text/html; charset=UTF-8"", ""ETag"": null, ""Last-Modified"": null}",HTML_PAGE_SNAPSHOT_NOT_WHOLE_SITE,,,"{""downloaded_code_executed"": false, ""ocr_performed"": false}",1,WU088_V2_CONTENT_PART_UNION,0
D07-A01,D07,D07,WU088_HH_LITERATURE_CODE_ARCHIVE_20261001_v2_RECOVERY.zip,previous_v1/acquired/documents/D07.text,17891,c57859a8a3b05fd0dc95a4f8a3f2448f04d70e5655a83bf944faab1d6fcde171,text/plain,TEXT_OR_OTHER_SNAPSHOT,acb_calc.rst,FINAL_OR_REQUEST_URL_BASENAME; CONTENT_DISPOSITION_NOT_OBSERVED,D07.text,https://raw.githubusercontent.com/flintlib/flint/v3.4.0/doc/source/acb_calc.rst,https://raw.githubusercontent.com/flintlib/flint/v3.4.0/doc/source/acb_calc.rst,2026-09-30T15:56:25.557474+00:00,200,"{""Content-Length"": ""17891"", ""Content-Type"": ""text/plain; charset=utf-8"", ""ETag"": ""\""dc9ca97a45473b5c52c26f6e7c4be6ba714f66f5f5196e418773a4abf55c467e\"""", ""Last-Modified"": null}",TEXT_DOCUMENT_OR_SIGNATURE,,,"{""downloaded_code_executed"": false, ""ocr_performed"": false}",1,WU088_V2_CONTENT_PART_UNION,0
D08-A01,D08,D08,WU088_HH_LITERATURE_CODE_ARCHIVE_20261001_v2_RECOVERY.zip,previous_v1/acquired/documents/D08.text,58537,45edca2cacf731f8c948ad99d08d6ec94e4717f6525e1e44511257f91dafc7d2,text/plain,TEXT_OR_OTHER_SNAPSHOT,acb_hypgeom.rst,FINAL_OR_REQUEST_URL_BASENAME; CONTENT_DISPOSITION_NOT_OBSERVED,D08.text,https://raw.githubusercontent.com/flintlib/flint/v3.4.0/doc/source/acb_hypgeom.rst,https://raw.githubusercontent.com/flintlib/flint/v3.4.0/doc/source/acb_hypgeom.rst,2026-09-30T15:56:25.640964+00:00,200,"{""Content-Length"": ""58537"", ""Content-Type"": ""text/plain; charset=utf-8"", ""ETag"": ""\""0d9d4312d9818a18f92ccef45b6e5c828123039e1d30dce2eb4dd882ce9cdc65\"""", ""Last-Modified"": null}",TEXT_DOCUMENT_OR_SIGNATURE,,,"{""downloaded_code_executed"": false, ""ocr_performed"": false}",1,WU088_V2_CONTENT_PART_UNION,0
D09-A01,D09,D09,WU088_HH_LITERATURE_CODE_ARCHIVE_20261001_v2_RECOVERY.zip,previous_v1/acquired/documents/D09.text,228,c6264c9a3652bc40775205ce90e7c96cea5058629e2e68f9eede5d8213f23ee6,text/plain,TEXT_OR_OTHER_SNAPSHOT,mpfr-4.2.2.tar.xz.asc,FINAL_OR_REQUEST_URL_BASENAME; CONTENT_DISPOSITION_NOT_OBSERVED,D09.text,https://www.mpfr.org/mpfr-4.2.2/mpfr-4.2.2.tar.xz.asc,https://www.mpfr.org/mpfr-4.2.2/mpfr-4.2.2.tar.xz.asc,2026-09-30T15:56:26.175905+00:00,200,"{""Content-Length"": ""228"", ""Content-Type"": ""text/plain; charset=ISO-8859-1"", ""ETag"": ""\""e4-630c60c4514e2\"""", ""Last-Modified"": ""Thu, 20 Mar 2025 13:23:47 GMT""}",TEXT_DOCUMENT_OR_SIGNATURE,,,"{""downloaded_code_executed"": false, ""ocr_performed"": false}",1,WU088_V2_CONTENT_PART_UNION,0
D10-A01,D10,D10,WU088_HH_LITERATURE_CODE_ARCHIVE_20261001_v2_RECOVERY.zip,previous_v1/acquired/documents/D10.text,374,94def8c1a731854de684689126046ec93589147abd4cd0025f12d741d323aa82,text/plain,TEXT_OR_OTHER_SNAPSHOT,gmp-6.3.0.tar.xz.sig,FINAL_OR_REQUEST_URL_BASENAME; CONTENT_DISPOSITION_NOT_OBSERVED,D10.text,https://ftp.gnu.org/gnu/gmp/gmp-6.3.0.tar.xz.sig,https://ftp.gnu.org/gnu/gmp/gmp-6.3.0.tar.xz.sig,2026-09-30T15:56:25.787643+00:00,200,"{""Content-Length"": ""374"", ""Content-Type"": ""application/pgp-signature"", ""ETag"": ""\""176-601b355d3c1cd\"""", ""Last-Modified"": ""Sun, 30 Jul 2023 12:20:10 GMT""}",TEXT_DOCUMENT_OR_SIGNATURE,,,"{""downloaded_code_executed"": false, ""ocr_performed"": false}",1,WU088_V2_CONTENT_PART_UNION,0
P01-A01,P01,P01,WU088_HH_LITERATURE_CODE_ARCHIVE_20261001_v2_RECOVERY.zip,previous_v1/acquired/papers/P01.pdf,589131,64abe78ce44e513bacf764e205f5f4eb728e6c6a0c79dc1a114b2cbfb44aae78,application/pdf,PDF,1802.07942,FINAL_OR_REQUEST_URL_BASENAME; CONTENT_DISPOSITION_NOT_OBSERVED,P01.pdf,https://arxiv.org/pdf/1802.07942,https://arxiv.org/pdf/1802.07942,2026-09-30T15:56:17.546764+00:00,200,"{""Content-Length"": ""589131"", ""Content-Type"": ""application/pdf"", ""ETag"": ""CP/B56yE3PwCEAE="", ""Last-Modified"": ""Sun, 22 Jan 2023 20:38:57 GMT""}",FULL_PDF,8,FIRST_PAGE_INSPECTED_AND_MATCHED,"{""downloaded_code_executed"": false, ""ocr_performed"": false, ""pdf_magic_verified_current_build"": true}",1,WU088_V2_CONTENT_PART_UNION,0
P02-A01,P02,P02,WU088_HH_LITERATURE_CODE_ARCHIVE_20261001_v2_RECOVERY.zip,previous_v1/acquired/papers/P02.pdf,300134,44802d5cce02bf91a3d155870b8f315f2955866e283bfb48f6776a07f35f6ebf,application/pdf,PDF,1611.02831,FINAL_OR_REQUEST_URL_BASENAME; CONTENT_DISPOSITION_NOT_OBSERVED,P02.pdf,https://arxiv.org/pdf/1611.02831,https://arxiv.org/pdf/1611.02831,2026-09-30T15:56:17.569127+00:00,200,"{""Content-Length"": ""300134"", ""Content-Type"": ""application/pdf"", ""ETag"": ""CJDkmoWM2PwCEAE="", ""Last-Modified"": ""Sat, 21 Jan 2023 07:02:43 GMT""}",FULL_PDF,12,FIRST_PAGE_INSPECTED_AND_MATCHED,"{""downloaded_code_executed"": false, ""ocr_performed"": false, ""pdf_magic_verified_current_build"": true}",1,WU088_V2_CONTENT_PART_UNION,0
P03-A01,P03,P03,WU088_HH_LITERATURE_CODE_ARCHIVE_20261001_v2_RECOVERY.zip,previous_v1/acquired/papers/P03.pdf,323839,6042f6b01b39f28aa9f55777608b22392ff1e375dfe94d6316458a322244829d,application/pdf,PDF,1603.03945,FINAL_OR_REQUEST_URL_BASENAME; CONTENT_DISPOSITION_NOT_OBSERVED,P03.pdf,https://arxiv.org/pdf/1603.03945,https://arxiv.org/pdf/1603.03945,2026-09-30T15:56:17.603754+00:00,200,"{""Content-Length"": ""323839"", ""Content-Type"": ""application/pdf"", ""ETag"": ""CIfWpr7H1/wCEAE="", ""Last-Modified"": ""Sat, 21 Jan 2023 01:56:01 GMT""}",FULL_PDF,31,FIRST_PAGE_INSPECTED_AND_MATCHED,"{""downloaded_code_executed"": false, ""ocr_performed"": false, ""pdf_magic_verified_current_build"": true}",1,WU088_V2_CONTENT_PART_UNION,0
P04-A01,P04,P04,WU088_HH_LITERATURE_CODE_ARCHIVE_20261001_v2_RECOVERY.zip,previous_v1/supplement/landing_pages/P04_landing_0.html,2690,fe576951c85ace3bfc4aec03f9f64aa23a6bd30ebd1ff7c97a23b38e0b986077,text/html,HTML_SNAPSHOT,S0377042701005866,FINAL_OR_REQUEST_URL_BASENAME; CONTENT_DISPOSITION_NOT_OBSERVED,P04_landing_0.html,https://doi.org/10.1016/S0377-0427(01)00586-6,https://linkinghub.elsevier.com/retrieve/pii/S0377042701005866,2026-09-30T16:04:14.195342+00:00,200,"{""Content-Length"": ""2690"", ""Content-Type"": ""text/html;charset=UTF-8"", ""ETag"": null, ""Last-Modified"": null}",HTML_PAGE_SNAPSHOT_NOT_WHOLE_SITE,,,"{""downloaded_code_executed"": false, ""ocr_performed"": false}",1,WU088_V2_CONTENT_PART_UNION,0
P04-R2-A1,P04-R2,P04,WU088_HH_LITERATURE_CODE_ARCHIVE_20261001_v2_RECOVERY.zip,recovery/files/P04_RECOVERY.ps,238197,f641dd79087919f6e1d7fe9823154ef83e754a789bcc223cf9a5159a227661ac,application/postscript,POSTSCRIPT,vipaf.ps,RECORDED_ORIGINAL_FILENAME,P04_RECOVERY.ps,https://www2.math.uni-wuppertal.de/wrswt/xsc/pascal-xsc/software/petras/vipaf.ps,https://www2.math.uni-wuppertal.de/wrswt/xsc/pascal-xsc/software/petras/vipaf.ps,2026-09-30T21:55:13.242964+00:00,200,"{""Content-Length"": ""238197"", ""ETag"": ""\""3a275-43b20c205e0c0\"""", ""Last-Modified"": ""Thu, 27 Sep 2007 16:49:47 GMT""}",author_manuscript,,,"{""downloaded_code_executed"": false, ""format"": ""postscript"", ""ocr_performed"": false, ""postscript_magic_verified"": true, ""postscript_magic_verified_current_build"": true}",1,WU088_V2_CONTENT_PART_UNION,0
P05-A01,P05,P05,WU088_HH_LITERATURE_CODE_ARCHIVE_20261001_v2_RECOVERY.zip,previous_v1/supplement/papers/P05.pdf,612672,883a4168b77e8c49ea2f2c1241d1177afea92a4c529bd6cc730105078e094ccd,application/pdf,PDF,2.pdf,FINAL_OR_REQUEST_URL_BASENAME; CONTENT_DISPOSITION_NOT_OBSERVED,P05.pdf,https://www.ijpam.eu/contents/2003-4-4/2/2.pdf,https://www.ijpam.eu/contents/2003-4-4/2/2.pdf,2026-09-30T16:04:15.681076+00:00,200,"{""Content-Length"": ""612672"", ""Content-Type"": ""application/pdf"", ""ETag"": ""\""112057e-95940-55b949ef754a9\"""", ""Last-Modified"": ""Sun, 15 Oct 2017 11:59:23 GMT""}",FULL_PDF,74,FIRST_PAGE_INSPECTED_AND_MATCHED,"{""downloaded_code_executed"": false, ""ocr_performed"": false, ""pdf_magic_verified_current_build"": true}",1,WU088_V2_CONTENT_PART_UNION,0
P06-R2-A1,P06-R2,P06,WU088_HH_LITERATURE_CODE_ARCHIVE_20261001_v2_RECOVERY.zip,recovery/files/P06_RECOVERY.pdf,1492491,f1d9fc7bce7dae921bd0ee205bc4bed277975a8e5a9c4dd7e61e31f71e61f87f,application/pdf,PDF,085.pdf,RECORDED_ORIGINAL_FILENAME,P06_RECOVERY.pdf,https://www.cs.purdue.edu/homes/wxg/selected_works/section_08/085.pdf,https://www.cs.purdue.edu/homes/wxg/selected_works/section_08/085.pdf,2026-09-30T21:55:13.527979+00:00,200,"{""Content-Length"": ""1492491"", ""ETag"": ""\""16c60b-4b4862e5851c0\"""", ""Last-Modified"": ""Tue, 20 Dec 2011 13:38:23 GMT""}",institutional_repository,17,PRIOR_FIRST_PAGE_INSPECTION_RECORDED,"{""downloaded_code_executed"": false, ""format"": ""pdf"", ""ocr_performed"": false, ""pdf_magic_verified"": true, ""pdf_magic_verified_current_build"": true, ""prior_pdf_inspection_evidence"": ""provenance/PAYLOAD_INSPECTION.json:P06_RECOVERY.pdf""}",1,WU088_V2_CONTENT_PART_UNION,0
P07-A01,P07,P07,WU088_HH_LITERATURE_CODE_ARCHIVE_20261001_v2_RECOVERY.zip,previous_v1/acquired/landing_pages/P07_landing_0.html,263900,7bf5d27969f6a14158cf91c3b8b006cba9a3d5b63717b6fa3d269e3e342ef0f5,text/html,HTML_SNAPSHOT,s10543-010-0294-0,FINAL_OR_REQUEST_URL_BASENAME; CONTENT_DISPOSITION_NOT_OBSERVED,P07_landing_0.html,https://link.springer.com/content/pdf/10.1007/s10543-010-0294-0.pdf,https://link.springer.com/article/10.1007/s10543-010-0294-0?error=cookies_not_supported&code=613d1eef-d60a-48bc-8b02-887858bde550,2026-09-30T15:56:20.627516+00:00,200,"{""Content-Length"": null, ""Content-Type"": ""text/html; charset=utf-8"", ""ETag"": ""W/\""4c9a9c47ab999a501cec4a30b97d840c\"""", ""Last-Modified"": null}",HTML_PAGE_SNAPSHOT_NOT_WHOLE_SITE,,,"{""downloaded_code_executed"": false, ""ocr_performed"": false}",1,WU088_V2_CONTENT_PART_UNION,0
P07-A02,P07,P07,WU088_HH_LITERATURE_CODE_ARCHIVE_20261001_v2_RECOVERY.zip,previous_v1/supplement/papers/P07.pdf,154280,1630b8d6aa44bc77bfbcc2c5c47c5c6e7e31451d0875aa7096a9cf871cdcc2c2,application/pdf,PDF,Ru10a.pdf,FINAL_OR_REQUEST_URL_BASENAME; CONTENT_DISPOSITION_NOT_OBSERVED,P07.pdf,https://www.tuhh.de/ti3/paper/rump/Ru10a.pdf,https://www.tuhh.de/ti3/paper/rump/Ru10a.pdf,2026-09-30T16:04:15.171861+00:00,200,"{""Content-Length"": ""154280"", ""Content-Type"": ""application/pdf"", ""ETag"": ""\""25aa8-4be16a35a3a80\"""", ""Last-Modified"": ""Fri, 20 Apr 2012 06:45:46 GMT""}",FULL_PDF,14,FIRST_PAGE_INSPECTED_AND_MATCHED,"{""downloaded_code_executed"": false, ""ocr_performed"": false, ""pdf_magic_verified_current_build"": true}",1,WU088_V2_CONTENT_PART_UNION,0
P08-A01,P08,P08,WU088_HH_LITERATURE_CODE_ARCHIVE_20261001_v2_RECOVERY.zip,previous_v1/acquired/papers/P08.pdf,373558,56e897ffce0a843ea531769d50b8466241ae4f01094b0ddf83d8fff74255cfcc,application/pdf,PDF,OgRuOi05.pdf,FINAL_OR_REQUEST_URL_BASENAME; CONTENT_DISPOSITION_NOT_OBSERVED,P08.pdf,https://www.tuhh.de/ti3/paper/rump/OgRuOi05.pdf,https://www.tuhh.de/ti3/paper/rump/OgRuOi05.pdf,2026-09-30T15:56:18.923092+00:00,200,"{""Content-Length"": ""373558"", ""Content-Type"": ""application/pdf"", ""ETag"": ""\""5b336-40628132cbc40\"""", ""Last-Modified"": ""Tue, 22 Nov 2005 14:18:17 GMT""}",FULL_PDF,34,FIRST_PAGE_INSPECTED_AND_MATCHED,"{""downloaded_code_executed"": false, ""ocr_performed"": false, ""pdf_magic_verified_current_build"": true}",1,WU088_V2_CONTENT_PART_UNION,0
P09-A01,P09,P09,WU088_HH_LITERATURE_CODE_ARCHIVE_20261001_v2_RECOVERY.zip,previous_v1/acquired/papers/P09.pdf,1020382,0f7eda92047e263cd7d9e83ba8c828ad0a6586dac2f4418e0ddc6de2f519161f,application/pdf,PDF,FULLTEXT01.pdf,FINAL_OR_REQUEST_URL_BASENAME; CONTENT_DISPOSITION_NOT_OBSERVED,P09.pdf,https://umu.diva-portal.org/smash/get/diva2:2014645/FULLTEXT01.pdf,https://umu.diva-portal.org/smash/get/diva2:2014645/FULLTEXT01.pdf,2026-09-30T15:56:22.650198+00:00,200,"{""Content-Length"": null, ""Content-Type"": ""application/pdf"", ""ETag"": null, ""Last-Modified"": ""Tue, 18 Nov 2025 14:50:48 GMT""}",FULL_PDF,23,FIRST_PAGE_INSPECTED_AND_MATCHED,"{""downloaded_code_executed"": false, ""ocr_performed"": false, ""pdf_magic_verified_current_build"": true}",1,WU088_V2_CONTENT_PART_UNION,0
P10-A01,P10,P10,WU088_HH_LITERATURE_CODE_ARCHIVE_20261001_v2_RECOVERY.zip,previous_v1/acquired/papers/P10.pdf,423802,017ea48db9dc996024769608fae3037627508a479dd5f5af771540f5b09206d8,application/pdf,PDF,1802.03948,FINAL_OR_REQUEST_URL_BASENAME; CONTENT_DISPOSITION_NOT_OBSERVED,P10.pdf,https://arxiv.org/pdf/1802.03948,https://arxiv.org/pdf/1802.03948,2026-09-30T15:56:18.499144+00:00,200,"{""Content-Length"": ""423802"", ""Content-Type"": ""application/pdf"", ""ETag"": ""COWo7YCD3PwCEAE="", ""Last-Modified"": ""Sun, 22 Jan 2023 20:32:57 GMT""}",FULL_PDF,22,FIRST_PAGE_INSPECTED_AND_MATCHED,"{""downloaded_code_executed"": false, ""ocr_performed"": false, ""pdf_magic_verified_current_build"": true}",1,WU088_V2_CONTENT_PART_UNION,0
P11-A01,P11,P11,WU088_HH_LITERATURE_CODE_ARCHIVE_20261001_v2_RECOVERY.zip,previous_v1/acquired/papers/P11.pdf,450642,63946f35ef2907f30db5402eaf4d5f7da4432039b0882b28cbe84e9ccbe4c863,application/pdf,PDF,1003.4629,FINAL_OR_REQUEST_URL_BASENAME; CONTENT_DISPOSITION_NOT_OBSERVED,P11.pdf,https://arxiv.org/pdf/1003.4629,https://arxiv.org/pdf/1003.4629,2026-09-30T15:56:18.524870+00:00,200,"{""Content-Length"": ""450642"", ""Content-Type"": ""application/pdf"", ""ETag"": ""CKTX8vbqgooDEAE="", ""Last-Modified"": ""Sat, 30 Nov 2024 00:49:08 GMT""}",FULL_PDF,39,FIRST_PAGE_INSPECTED_AND_MATCHED,"{""downloaded_code_executed"": false, ""ocr_performed"": false, ""pdf_magic_verified_current_build"": true}",1,WU088_V2_CONTENT_PART_UNION,0
S01-A01,S01,S01,WU088_HH_LITERATURE_CODE_ARCHIVE_20261001_v2_RECOVERY.zip,previous_v1/supplement/documents/S01.text,4451,664890542c7edc5d644a3f3f7db2a2f71ce80b467ab0b384346dbf69f726291d,text/plain,TEXT_OR_OTHER_SNAPSHOT,0720087,FINAL_OR_REQUEST_URL_BASENAME; CONTENT_DISPOSITION_NOT_OBSERVED,S01.text,https://api.crossref.org/works/10.1137/0720087,https://api.crossref.org/works/10.1137/0720087,2026-09-30T16:04:14.456136+00:00,200,"{""Content-Length"": null, ""Content-Type"": ""application/json"", ""ETag"": null, ""Last-Modified"": null}",TEXT_DOCUMENT_OR_SIGNATURE,,,"{""downloaded_code_executed"": false, ""ocr_performed"": false}",1,WU088_V2_CONTENT_PART_UNION,0
S02-A01,S02,S02,WU088_HH_LITERATURE_CODE_ARCHIVE_20261001_v2_RECOVERY.zip,previous_v1/supplement/documents/S02.text,5295,e1db17a14bfcf51482abe9def7cf163f3952fda9e1dacc04e74d8c05e0441c2a,text/plain,TEXT_OR_OTHER_SNAPSHOT,S0377-0427(01)00586-6,FINAL_OR_REQUEST_URL_BASENAME; CONTENT_DISPOSITION_NOT_OBSERVED,S02.text,https://api.crossref.org/works/10.1016/S0377-0427(01)00586-6,https://api.crossref.org/works/10.1016/S0377-0427(01)00586-6,2026-09-30T16:04:14.798351+00:00,200,"{""Content-Length"": null, ""Content-Type"": ""application/json"", ""ETag"": null, ""Last-Modified"": null}",TEXT_DOCUMENT_OR_SIGNATURE,,,"{""downloaded_code_executed"": false, ""ocr_performed"": false}",1,WU088_V2_CONTENT_PART_UNION,0
S03-A01,S03,S03,WU088_HH_LITERATURE_CODE_ARCHIVE_20261001_v2_RECOVERY.zip,previous_v1/supplement/documents/S03.html,350,1b4f4052e702a2c8588ed9091891831d29efe63f00ea6c1446cfc123ff5e11fb,text/html,HTML_SNAPSHOT,SelectedWorks,FINAL_OR_REQUEST_URL_BASENAME; CONTENT_DISPOSITION_NOT_OBSERVED,S03.html,https://www.cs.purdue.edu/homes/wxg/SelectedWorks,https://www.cs.purdue.edu/homes/wxg/SelectedWorks/,2026-09-30T16:04:15.171572+00:00,200,"{""Content-Length"": ""350"", ""Content-Type"": ""text/html"", ""ETag"": ""\""15e-5d358762e29fd\"""", ""Last-Modified"": ""Fri, 17 Dec 2021 14:36:16 GMT""}",HTML_PAGE_SNAPSHOT_NOT_WHOLE_SITE,,,"{""downloaded_code_executed"": false, ""ocr_performed"": false}",1,WU088_V2_CONTENT_PART_UNION,0
S04-A01,S04,S04,WU088_HH_LITERATURE_CODE_ARCHIVE_20261001_v2_RECOVERY.zip,previous_v1/supplement/documents/S04.html,18141,8f5ccf7ce4a9f9923eec55e9b858d33abce4da4083aecaa711d0ae7fdc07f96f,text/html,HTML_SNAPSHOT,downloads.html,FINAL_OR_REQUEST_URL_BASENAME; CONTENT_DISPOSITION_NOT_OBSERVED,S04.html,https://flintlib.org/downloads.html,https://flintlib.org/downloads.html,2026-09-30T16:04:15.902712+00:00,200,"{""Content-Length"": ""18141"", ""Content-Type"": ""text/html"", ""ETag"": ""\""6a422e1b-46dd\"""", ""Last-Modified"": ""Mon, 29 Jun 2026 08:34:35 GMT""}",HTML_PAGE_SNAPSHOT_NOT_WHOLE_SITE,,,"{""downloaded_code_executed"": false, ""ocr_performed"": false}",1,WU088_V2_CONTENT_PART_UNION,0
S05-A01,S05,S05,WU088_HH_LITERATURE_CODE_ARCHIVE_20261001_v2_RECOVERY.zip,previous_v1/supplement/documents/S05.html,10020,5b2487860a420bc2410e0eba4c9a27a0da0d6517ad51445fd1721aa0ad61051d,text/html,HTML_SNAPSHOT,rump,FINAL_OR_REQUEST_URL_BASENAME; CONTENT_DISPOSITION_NOT_OBSERVED,S05.html,https://www.tuhh.de/ti3/rump/,https://www.tuhh.de/ti3/rump/,2026-09-30T16:04:15.980300+00:00,200,"{""Content-Length"": null, ""Content-Type"": ""text/html; charset=UTF-8"", ""ETag"": null, ""Last-Modified"": null}",HTML_PAGE_SNAPSHOT_NOT_WHOLE_SITE,,,"{""downloaded_code_executed"": false, ""ocr_performed"": false}",1,WU088_V2_CONTENT_PART_UNION,0
S06-A01,S06,S06,WU088_HH_LITERATURE_CODE_ARCHIVE_20261001_v2_RECOVERY.zip,previous_v1/supplement/documents/S06.html,67470,f8ae8df35b4355af6d4044ea0d82c73d89ce486b12034ad902165c6377dc041f,text/html,HTML_SNAPSHOT,index_TaylorModels.htm,FINAL_OR_REQUEST_URL_BASENAME; CONTENT_DISPOSITION_NOT_OBSERVED,S06.html,https://www.bmtdynamics.org/index_TaylorModels.htm,https://www.bmtdynamics.org/index_TaylorModels.htm,2026-09-30T16:04:15.779649+00:00,200,"{""Content-Length"": ""67470"", ""Content-Type"": ""text/html"", ""ETag"": ""\""1078e-5e7f15e7df180\"""", ""Last-Modified"": ""Mon, 05 Sep 2022 17:25:42 GMT""}",HTML_PAGE_SNAPSHOT_NOT_WHOLE_SITE,,,"{""downloaded_code_executed"": false, ""ocr_performed"": false}",1,WU088_V2_CONTENT_PART_UNION,0
URL01-A01,URL01,URL01,WU088_HH_LITERATURE_CODE_ARCHIVE_20261001_v2_RECOVERY.zip,previous_v1/acquired/documents/URL01.html,55594,b224a6003cace9bafefcd0f813f9f9c7c6d34d88051059116af8818dbb7639e3,text/html,HTML_SNAPSHOT,,FINAL_OR_REQUEST_URL_BASENAME; CONTENT_DISPOSITION_NOT_OBSERVED,URL01.html,https://arblib.org/,https://arblib.org/,2026-09-30T15:56:14.877760+00:00,200,"{""Content-Length"": ""55594"", ""Content-Type"": ""text/html"", ""ETag"": ""\""65f600f7-d92a\"""", ""Last-Modified"": ""Sat, 16 Mar 2024 20:28:39 GMT""}",HTML_PAGE_SNAPSHOT_NOT_WHOLE_SITE,,,"{""downloaded_code_executed"": false, ""ocr_performed"": false}",1,WU088_V2_CONTENT_PART_UNION,0
URL02-A01,URL02,URL02,WU088_HH_LITERATURE_CODE_ARCHIVE_20261001_v2_RECOVERY.zip,previous_v1/acquired/documents/URL02.html,319718,8a79e6d324dfae1cd641aa36be4f1287daa6bb76147193d32ab3be7b1c1eca24,text/html,HTML_SNAPSHOT,acb_hypgeom.html,FINAL_OR_REQUEST_URL_BASENAME; CONTENT_DISPOSITION_NOT_OBSERVED,URL02.html,https://arblib.org/acb_hypgeom.html,https://arblib.org/acb_hypgeom.html,2026-09-30T15:56:15.155945+00:00,200,"{""Content-Length"": ""319718"", ""Content-Type"": ""text/html"", ""ETag"": ""\""65f600ed-4e0e6\"""", ""Last-Modified"": ""Sat, 16 Mar 2024 20:28:29 GMT""}",HTML_PAGE_SNAPSHOT_NOT_WHOLE_SITE,,,"{""downloaded_code_executed"": false, ""ocr_performed"": false}",1,WU088_V2_CONTENT_PART_UNION,0
URL03-A01,URL03,URL03,WU088_HH_LITERATURE_CODE_ARCHIVE_20261001_v2_RECOVERY.zip,previous_v1/acquired/documents/URL03.html,40085,85665b3971f167db3fce75857d1109c77dfc43f0455c92ebc9af4727403e5213,text/html,HTML_SNAPSHOT,1611.02831,FINAL_OR_REQUEST_URL_BASENAME; CONTENT_DISPOSITION_NOT_OBSERVED,URL03.html,https://arxiv.org/abs/1611.02831,https://arxiv.org/abs/1611.02831,2026-09-30T15:56:14.251423+00:00,200,"{""Content-Length"": ""40085"", ""Content-Type"": ""text/html; charset=utf-8"", ""ETag"": null, ""Last-Modified"": ""Mon, 24 Aug 2026 21:10:55 GMT""}",HTML_PAGE_SNAPSHOT_NOT_WHOLE_SITE,,,"{""downloaded_code_executed"": false, ""ocr_performed"": false}",1,WU088_V2_CONTENT_PART_UNION,0
URL04-A01,URL04,URL04,WU088_HH_LITERATURE_CODE_ARCHIVE_20261001_v2_RECOVERY.zip,previous_v1/acquired/documents/URL04.html,39532,18b8d9ad307e611067abd7c34bf7e5ea7b76a977c0bab65328a7320f17e1fe63,text/html,HTML_SNAPSHOT,1802.07942,FINAL_OR_REQUEST_URL_BASENAME; CONTENT_DISPOSITION_NOT_OBSERVED,URL04.html,https://arxiv.org/abs/1802.07942,https://arxiv.org/abs/1802.07942,2026-09-30T15:56:14.246604+00:00,200,"{""Content-Length"": ""39532"", ""Content-Type"": ""text/html; charset=utf-8"", ""ETag"": null, ""Last-Modified"": ""Mon, 24 Aug 2026 19:46:18 GMT""}",HTML_PAGE_SNAPSHOT_NOT_WHOLE_SITE,,,"{""downloaded_code_executed"": false, ""ocr_performed"": false}",1,WU088_V2_CONTENT_PART_UNION,0
URL05-A01,URL05,URL05,WU088_HH_LITERATURE_CODE_ARCHIVE_20261001_v2_RECOVERY.zip,previous_v1/acquired/documents/URL05.html,752669,3c300e8066b4a8494a6834f084d63fd4fb076270231a208f5529ba817bd052f6,text/html,HTML_SNAPSHOT,1603.03945v1,FINAL_OR_REQUEST_URL_BASENAME; CONTENT_DISPOSITION_NOT_OBSERVED,URL05.html,https://arxiv.org/html/1603.03945v1,https://arxiv.org/html/1603.03945v1,2026-09-30T15:56:14.366179+00:00,200,"{""Content-Length"": ""752669"", ""Content-Type"": ""text/html; charset=utf-8"", ""ETag"": ""\""CJuq8M6KupYDEAE=\"""", ""Last-Modified"": ""Mon, 24 Aug 2026 20:16:38 GMT""}",HTML_PAGE_SNAPSHOT_NOT_WHOLE_SITE,,,"{""downloaded_code_executed"": false, ""ocr_performed"": false}",1,WU088_V2_CONTENT_PART_UNION,0
URL06-A01,URL06,URL06,WU088_HH_LITERATURE_CODE_ARCHIVE_20261001_v2_RECOVERY.zip,previous_v1/acquired/documents/URL06.html,385438,85db324799e11cac3efe125ca81b0cf689e62517a646e2703104c4f6a341ed80,text/html,HTML_SNAPSHOT,18.5,FINAL_OR_REQUEST_URL_BASENAME; CONTENT_DISPOSITION_NOT_OBSERVED,URL06.html,https://dlmf.nist.gov/18.5,https://dlmf.nist.gov/18.5,2026-09-30T15:56:14.681168+00:00,200,"{""Content-Length"": null, ""Content-Type"": ""text/html"", ""ETag"": null, ""Last-Modified"": ""Wed, 16 Sep 2026 20:19:40 GMT""}",HTML_PAGE_SNAPSHOT_NOT_WHOLE_SITE,,,"{""downloaded_code_executed"": false, ""ocr_performed"": false}",1,WU088_V2_CONTENT_PART_UNION,0
URL07-A01,URL07,URL07,WU088_HH_LITERATURE_CODE_ARCHIVE_20261001_v2_RECOVERY.zip,previous_v1/acquired/documents/URL07.html,102979,e2840623169b9decb21c04c72d004e8c385c22f40cf16685dbf2addf77c05581,text/html,HTML_SNAPSHOT,8.10,FINAL_OR_REQUEST_URL_BASENAME; CONTENT_DISPOSITION_NOT_OBSERVED,URL07.html,https://dlmf.nist.gov/8.10,https://dlmf.nist.gov/8.10,2026-09-30T15:56:14.686922+00:00,200,"{""Content-Length"": null, ""Content-Type"": ""text/html"", ""ETag"": null, ""Last-Modified"": ""Wed, 16 Sep 2026 20:19:18 GMT""}",HTML_PAGE_SNAPSHOT_NOT_WHOLE_SITE,,,"{""downloaded_code_executed"": false, ""ocr_performed"": false}",1,WU088_V2_CONTENT_PART_UNION,0
URL08-A01,URL08,URL08,WU088_HH_LITERATURE_CODE_ARCHIVE_20261001_v2_RECOVERY.zip,previous_v1/acquired/documents/URL08.html,210720,3a44812a18a6e89ded72c16789fd6588e7a5ec77d0205b483559afbc5d552a82,text/html,HTML_SNAPSHOT,8.11,FINAL_OR_REQUEST_URL_BASENAME; CONTENT_DISPOSITION_NOT_OBSERVED,URL08.html,https://dlmf.nist.gov/8.11,https://dlmf.nist.gov/8.11,2026-09-30T15:56:14.762044+00:00,200,"{""Content-Length"": null, ""Content-Type"": ""text/html"", ""ETag"": null, ""Last-Modified"": ""Wed, 16 Sep 2026 20:19:18 GMT""}",HTML_PAGE_SNAPSHOT_NOT_WHOLE_SITE,,,"{""downloaded_code_executed"": false, ""ocr_performed"": false}",1,WU088_V2_CONTENT_PART_UNION,0
URL09-A01,URL09,URL09,WU088_HH_LITERATURE_CODE_ARCHIVE_20261001_v2_RECOVERY.zip,previous_v1/acquired/documents/URL09.html,133125,e487982b464d0116fb0dc789b81c1fc8c73ae013d11ab139355f6008c72953bb,text/html,HTML_SNAPSHOT,8.2,FINAL_OR_REQUEST_URL_BASENAME; CONTENT_DISPOSITION_NOT_OBSERVED,URL09.html,https://dlmf.nist.gov/8.2,https://dlmf.nist.gov/8.2,2026-09-30T15:56:14.899719+00:00,200,"{""Content-Length"": null, ""Content-Type"": ""text/html"", ""ETag"": null, ""Last-Modified"": ""Wed, 16 Sep 2026 20:19:18 GMT""}",HTML_PAGE_SNAPSHOT_NOT_WHOLE_SITE,,,"{""downloaded_code_executed"": false, ""ocr_performed"": false}",1,WU088_V2_CONTENT_PART_UNION,0
URL12-A01,URL12,URL12,WU088_HH_LITERATURE_CODE_ARCHIVE_20261001_v2_RECOVERY.zip,previous_v1/acquired/documents/URL12.html,35753,80efb5ab2a94172ada3beba7f0f4ad35a66debc8f528eb06d35ef365287b970c,text/html,HTML_SNAPSHOT,doc,FINAL_OR_REQUEST_URL_BASENAME; CONTENT_DISPOSITION_NOT_OBSERVED,URL12.html,https://flintlib.org/doc/,https://flintlib.org/doc/,2026-09-30T15:56:15.785967+00:00,200,"{""Content-Length"": ""35753"", ""Content-Type"": ""text/html"", ""ETag"": ""\""6abd0ab5-8ba9\"""", ""Last-Modified"": ""Wed, 30 Sep 2026 13:12:21 GMT""}",HTML_PAGE_SNAPSHOT_NOT_WHOLE_SITE,,,"{""downloaded_code_executed"": false, ""ocr_performed"": false}",1,WU088_V2_CONTENT_PART_UNION,0
URL13-A01,URL13,URL13,WU088_HH_LITERATURE_CODE_ARCHIVE_20261001_v2_RECOVERY.zip,previous_v1/acquired/documents/URL13.html,45426,1769b2a99ba02e2d145c08146debae2fdb7ac038d79d02e71b514e9c2331b0b3,text/html,HTML_SNAPSHOT,acb_calc.html,FINAL_OR_REQUEST_URL_BASENAME; CONTENT_DISPOSITION_NOT_OBSERVED,URL13.html,https://flintlib.org/doc/acb_calc.html,https://flintlib.org/doc/acb_calc.html,2026-09-30T15:56:15.869641+00:00,200,"{""Content-Length"": ""45426"", ""Content-Type"": ""text/html"", ""ETag"": ""\""6abd0959-b172\"""", ""Last-Modified"": ""Wed, 30 Sep 2026 13:06:33 GMT""}",HTML_PAGE_SNAPSHOT_NOT_WHOLE_SITE,,,"{""downloaded_code_executed"": false, ""ocr_performed"": false}",1,WU088_V2_CONTENT_PART_UNION,0
URL14-A01,URL14,URL14,WU088_HH_LITERATURE_CODE_ARCHIVE_20261001_v2_RECOVERY.zip,previous_v1/acquired/documents/URL14.html,276111,cc3e039c0d8fa43fe09bd959f11c34cb2999dd7bf8f3c2de66ae462d4d2ea1a5,text/html,HTML_SNAPSHOT,CAPD,FINAL_OR_REQUEST_URL_BASENAME; CONTENT_DISPOSITION_NOT_OBSERVED,URL14.html,https://github.com/CAPDGroup/CAPD,https://github.com/CAPDGroup/CAPD,2026-09-30T15:56:15.432421+00:00,200,"{""Content-Length"": null, ""Content-Type"": ""text/html; charset=utf-8"", ""ETag"": ""W/\""f54b547e93ccbce7c14d92acb6141c3a\"""", ""Last-Modified"": null}",HTML_PAGE_SNAPSHOT_NOT_WHOLE_SITE,,,"{""downloaded_code_executed"": false, ""ocr_performed"": false}",1,WU088_V2_CONTENT_PART_UNION,0
URL15-A01,URL15,URL15,WU088_HH_LITERATURE_CODE_ARCHIVE_20261001_v2_RECOVERY.zip,previous_v1/acquired/documents/URL15.html,433184,c25c13fc20a9ad2b4bca105d92e44f64fcee68a26553e93ac06b14ad7a74e1f3,text/html,HTML_SNAPSHOT,arb,FINAL_OR_REQUEST_URL_BASENAME; CONTENT_DISPOSITION_NOT_OBSERVED,URL15.html,https://github.com/flintlib/arb,https://github.com/flintlib/arb,2026-09-30T15:56:15.691744+00:00,200,"{""Content-Length"": null, ""Content-Type"": ""text/html; charset=utf-8"", ""ETag"": ""W/\""e98c43e8d210d13051cddc34c8834084\"""", ""Last-Modified"": null}",HTML_PAGE_SNAPSHOT_NOT_WHOLE_SITE,,,"{""downloaded_code_executed"": false, ""ocr_performed"": false}",1,WU088_V2_CONTENT_PART_UNION,0
URL16-A01,URL16,URL16,WU088_HH_LITERATURE_CODE_ARCHIVE_20261001_v2_RECOVERY.zip,previous_v1/acquired/documents/URL16.html,402051,2c993413fefd859116cfbc1924c8f036d633e4be4b81b2833479df0095a4afe8,text/html,HTML_SNAPSHOT,releases,FINAL_OR_REQUEST_URL_BASENAME; CONTENT_DISPOSITION_NOT_OBSERVED,URL16.html,https://github.com/flintlib/flint/releases,https://github.com/flintlib/flint/releases,2026-09-30T15:56:15.953960+00:00,200,"{""Content-Length"": null, ""Content-Type"": ""text/html; charset=utf-8"", ""ETag"": ""W/\""124d57f4cc28cb6598fab3da94ec92ab\"""", ""Last-Modified"": null}",HTML_PAGE_SNAPSHOT_NOT_WHOLE_SITE,,,"{""downloaded_code_executed"": false, ""ocr_performed"": false}",1,WU088_V2_CONTENT_PART_UNION,0
URL17-A01,URL17,URL17,WU088_HH_LITERATURE_CODE_ARCHIVE_20261001_v2_RECOVERY.zip,previous_v1/acquired/documents/URL17.html,263900,1ed33554edfad2216ad7f86b22d72afdfd324c1bd0e1b8f015fa4fee0d85f9e0,text/html,HTML_SNAPSHOT,s10543-010-0294-0,FINAL_OR_REQUEST_URL_BASENAME; CONTENT_DISPOSITION_NOT_OBSERVED,URL17.html,https://link.springer.com/article/10.1007/s10543-010-0294-0,https://link.springer.com/article/10.1007/s10543-010-0294-0?error=cookies_not_supported&code=d65da73e-1537-4ce6-a34c-b801f5e34d50,2026-09-30T15:56:17.056376+00:00,200,"{""Content-Length"": null, ""Content-Type"": ""text/html; charset=utf-8"", ""ETag"": ""W/\""654c7a28e0d9b5f4c476bdff95f280f2\"""", ""Last-Modified"": null}",HTML_PAGE_SNAPSHOT_NOT_WHOLE_SITE,,,"{""downloaded_code_executed"": false, ""ocr_performed"": false}",1,WU088_V2_CONTENT_PART_UNION,0
URL18-A01,URL18,URL18,WU088_HH_LITERATURE_CODE_ARCHIVE_20261001_v2_RECOVERY.zip,previous_v1/acquired/documents/URL18.html,45494,574b1779396fb4ac2571da4005f636b3ecdcda991ed6b107108bb20aad9199af,text/html,HTML_SNAPSHOT,numpy.lib.format.html,FINAL_OR_REQUEST_URL_BASENAME; CONTENT_DISPOSITION_NOT_OBSERVED,URL18.html,https://numpy.org/doc/stable/reference/generated/numpy.lib.format.html,https://numpy.org/doc/stable/reference/generated/numpy.lib.format.html,2026-09-30T15:56:15.976648+00:00,200,"{""Content-Length"": null, ""Content-Type"": ""text/html; charset=utf-8"", ""ETag"": null, ""Last-Modified"": ""Sun, 28 Jun 2026 08:37:34 GMT""}",HTML_PAGE_SNAPSHOT_NOT_WHOLE_SITE,,,"{""downloaded_code_executed"": false, ""ocr_performed"": false}",1,WU088_V2_CONTENT_PART_UNION,0
URL19-A01,URL19,URL19,WU088_HH_LITERATURE_CODE_ARCHIVE_20261001_v2_RECOVERY.zip,previous_v1/acquired/documents/URL19.html,74598,19461a34955c19bbfa484f7cc0b323db8ff6cdf20e5bf497dafa8db673b1eb36,text/html,HTML_SNAPSHOT,basics.types.html,FINAL_OR_REQUEST_URL_BASENAME; CONTENT_DISPOSITION_NOT_OBSERVED,URL19.html,https://numpy.org/doc/stable/user/basics.types.html,https://numpy.org/doc/stable/user/basics.types.html,2026-09-30T15:56:15.959862+00:00,200,"{""Content-Length"": null, ""Content-Type"": ""text/html; charset=utf-8"", ""ETag"": null, ""Last-Modified"": ""Sun, 28 Jun 2026 08:37:34 GMT""}",HTML_PAGE_SNAPSHOT_NOT_WHOLE_SITE,,,"{""downloaded_code_executed"": false, ""ocr_performed"": false}",1,WU088_V2_CONTENT_PART_UNION,0
URL20-A01,URL20,URL20,WU088_HH_LITERATURE_CODE_ARCHIVE_20261001_v2_RECOVERY.zip,previous_v1/acquired/documents/URL20.html,10298,04f460500fc64ac1f826fd73b936958d2915e3dc7b83b9109a0bb3092b7f068c,text/html,HTML_SNAPSHOT,software.html,FINAL_OR_REQUEST_URL_BASENAME; CONTENT_DISPOSITION_NOT_OBSERVED,URL20.html,https://perso.ens-lyon.fr/nathalie.revol/software.html,https://perso.ens-lyon.fr/nathalie.revol/software.html,2026-09-30T15:56:16.449649+00:00,200,"{""Content-Length"": ""10298"", ""Content-Type"": ""text/html"", ""ETag"": ""\""283a-5d9df48ed5100\"""", ""Last-Modified"": ""Thu, 10 Mar 2022 15:58:28 GMT""}",HTML_PAGE_SNAPSHOT_NOT_WHOLE_SITE,,,"{""downloaded_code_executed"": false, ""ocr_performed"": false}",1,WU088_V2_CONTENT_PART_UNION,0
URL21-A01,URL21,URL21,WU088_HH_LITERATURE_CODE_ARCHIVE_20261001_v2_RECOVERY.zip,previous_v1/acquired/documents/URL21.html,80380,fec5cad6cf3691420ee574f8cb3783ff3b02939a62ba424cb9a79d03dc0b10c9,text/html,HTML_SNAPSHOT,record.jsf,FINAL_OR_REQUEST_URL_BASENAME; CONTENT_DISPOSITION_NOT_OBSERVED,URL21.html,https://umu.diva-portal.org/smash/record.jsf?language=sv&pid=diva2%3A2014645,https://umu.diva-portal.org/smash/record.jsf?language=sv&pid=diva2%3A2014645&dswid=-7366,2026-09-30T15:56:18.479229+00:00,200,"{""Content-Length"": null, ""Content-Type"": ""text/html;charset=UTF-8"", ""ETag"": null, ""Last-Modified"": null}",HTML_PAGE_SNAPSHOT_NOT_WHOLE_SITE,,,"{""downloaded_code_executed"": false, ""ocr_performed"": false}",1,WU088_V2_CONTENT_PART_UNION,0
URL22-A01,URL22,URL22,WU088_HH_LITERATURE_CODE_ARCHIVE_20261001_v2_RECOVERY.zip,previous_v1/acquired/documents/URL22.html,7752,2bf0316537972ba065f01c1f65c947011ae59e38cb77868469ffd9b6b1bf9bf2,text/html,HTML_SNAPSHOT,mpfr-current,FINAL_OR_REQUEST_URL_BASENAME; CONTENT_DISPOSITION_NOT_OBSERVED,URL22.html,https://www.mpfr.org/mpfr-current/,https://www.mpfr.org/mpfr-current/,2026-09-30T15:56:17.526087+00:00,200,"{""Content-Length"": ""7752"", ""Content-Type"": ""text/html; charset=ISO-8859-1"", ""ETag"": ""\""1e48-63bc70c69e510\"""", ""Last-Modified"": ""Thu, 07 Aug 2025 14:12:33 GMT""}",HTML_PAGE_SNAPSHOT_NOT_WHOLE_SITE,,,"{""downloaded_code_executed"": false, ""ocr_performed"": false}",1,WU088_V2_CONTENT_PART_UNION,0
URL23-A01,URL23,URL23,WU088_HH_LITERATURE_CODE_ARCHIVE_20261001_v2_RECOVERY.zip,previous_v1/acquired/documents/URL23.html,562991,ee996f3dcc11d1f88393da162bdd90c3fa29191ca658c0fc594ffd38a22638bc,text/html,HTML_SNAPSHOT,mpfr.html,FINAL_OR_REQUEST_URL_BASENAME; CONTENT_DISPOSITION_NOT_OBSERVED,URL23.html,https://www.mpfr.org/mpfr-current/mpfr.html,https://www.mpfr.org/mpfr-current/mpfr.html,2026-09-30T15:56:18.094559+00:00,200,"{""Content-Length"": ""562991"", ""Content-Type"": ""text/html; charset=ISO-8859-1"", ""ETag"": ""\""8972f-64501e80346de\"""", ""Last-Modified"": ""Wed, 03 Dec 2025 01:12:30 GMT""}",HTML_PAGE_SNAPSHOT_NOT_WHOLE_SITE,,,"{""downloaded_code_executed"": false, ""ocr_performed"": false}",1,WU088_V2_CONTENT_PART_UNION,0
URL27-A01,URL27,URL27,WU088_HH_LITERATURE_CODE_ARCHIVE_20261001_v2_RECOVERY.zip,previous_v1/acquired/documents/URL27.html,18065,30e66f51edefc9f9db6844cb4c85c4b560f5df098f5e0587b34b7ba1022a835d,text/html,HTML_SNAPSHOT,intlab,FINAL_OR_REQUEST_URL_BASENAME; CONTENT_DISPOSITION_NOT_OBSERVED,URL27.html,https://www.tuhh.de/ti3/rump/intlab/,https://www.tuhh.de/ti3/rump/intlab/,2026-09-30T15:56:17.957423+00:00,200,"{""Content-Length"": null, ""Content-Type"": ""text/html; charset=UTF-8"", ""ETag"": null, ""Last-Modified"": null}",HTML_PAGE_SNAPSHOT_NOT_WHOLE_SITE,,,"{""downloaded_code_executed"": false, ""ocr_performed"": false}",1,WU088_V2_CONTENT_PART_UNION,0
