example_table,row_number,row_json,evidence_origin
blockers,1,"{""blocker_id"": ""B01"", ""category"": ""implementation"", ""closure_evidence"": ""Pinned build + analytic-domain audit + callback tests"", ""severity"": ""CRITICAL"", ""status"": ""OPEN"", ""title"": ""Validated callback/backend not implementation-verified""}",reconstructed_database/WU088_HH_R31AO_LITERATURE_DATABASE_RECONSTRUCTED_20261001_v1.zip:blockers_EXPLICIT_REPORT_EXAMPLES.csv
blockers,2,"{""blocker_id"": ""B02"", ""category"": ""numerical"", ""closure_evidence"": ""Entrywise D_col/D_row balls with manifest"", ""severity"": ""CRITICAL"", ""status"": ""OPEN"", ""title"": ""Endpoint/interior enclosure not executed on Frozen107 target""}",reconstructed_database/WU088_HH_R31AO_LITERATURE_DATABASE_RECONSTRUCTED_20261001_v1.zip:blockers_EXPLICIT_REPORT_EXAMPLES.csv
blockers,3,"{""blocker_id"": ""B03"", ""category"": ""format"", ""closure_evidence"": ""Producer ABI manifest + golden raw fixtures"", ""severity"": ""CRITICAL"", ""status"": ""OPEN"", ""title"": ""Raw longdouble/complex decoder ABI not verified""}",reconstructed_database/WU088_HH_R31AO_LITERATURE_DATABASE_RECONSTRUCTED_20261001_v1.zip:blockers_EXPLICIT_REPORT_EXAMPLES.csv
blockers,4,"{""blocker_id"": ""B04"", ""category"": ""numerical"", ""closure_evidence"": ""Exact dyadic Gram logs + outward radical bounds"", ""severity"": ""HIGH"", ""status"": ""OPEN"", ""title"": ""Gram eta / exact represented-gap interval not computed""}",reconstructed_database/WU088_HH_R31AO_LITERATURE_DATABASE_RECONSTRUCTED_20261001_v1.zip:blockers_EXPLICIT_REPORT_EXAMPLES.csv
blockers,5,"{""blocker_id"": ""B05"", ""category"": ""performance"", ""closure_evidence"": ""Pilot width/cost satisfying lower-gap acceptance"", ""severity"": ""HIGH"", ""status"": ""OPEN"", ""title"": ""Enclosure width/performance may miss decision budget""}",reconstructed_database/WU088_HH_R31AO_LITERATURE_DATABASE_RECONSTRUCTED_20261001_v1.zip:blockers_EXPLICIT_REPORT_EXAMPLES.csv
sources,1,"{""authority_tier"": ""A"", ""pin_status"": ""PIN_CANDIDATE"", ""source_id"": ""SRC-JOHANSSON-2018"", ""title"": ""Numerical integration in arbitrary-precision ball arithmetic"", ""topics"": ""ball arithmetic;Petras;validated integration"", ""year"": ""2018""}",reconstructed_database/WU088_HH_R31AO_LITERATURE_DATABASE_RECONSTRUCTED_20261001_v1.zip:sources_EXPLICIT_REPORT_EXAMPLES.csv
sources,2,"{""authority_tier"": ""A"", ""pin_status"": ""PIN_CANDIDATE"", ""source_id"": ""SRC-PETRAS-2002"", ""title"": ""Self-validating integration and approximation of piecewise analytic functions"", ""topics"": ""validated integration;piecewise analytic;Gaussian quadrature"", ""year"": ""2002""}",reconstructed_database/WU088_HH_R31AO_LITERATURE_DATABASE_RECONSTRUCTED_20261001_v1.zip:sources_EXPLICIT_REPORT_EXAMPLES.csv
sources,3,"{""authority_tier"": ""A"", ""pin_status"": ""PIN_CANDIDATE"", ""source_id"": ""SRC-DLMF-8.2"", ""title"": ""DLMF §8.2 Definitions and Basic Properties"", ""topics"": ""incomplete gamma;definitions"", ""year"": ""2026""}",reconstructed_database/WU088_HH_R31AO_LITERATURE_DATABASE_RECONSTRUCTED_20261001_v1.zip:sources_EXPLICIT_REPORT_EXAMPLES.csv
sources,4,"{""authority_tier"": ""A"", ""pin_status"": ""PIN_CANDIDATE"", ""source_id"": ""SRC-NUMPY-NPY"", ""title"": ""numpy.lib.format / NPY format"", ""topics"": ""NPY;dtype;Fortran order;endianness"", ""year"": ""2026""}",reconstructed_database/WU088_HH_R31AO_LITERATURE_DATABASE_RECONSTRUCTED_20261001_v1.zip:sources_EXPLICIT_REPORT_EXAMPLES.csv
