source_id,title,source_type,authors,year,doi,arxiv,requested_identity,acquisition_status,acquired_representation,representation_equivalence,publisher_version_available,publisher_direct_download_acquired,publisher_bytes_compared,fallback_chain,version_selection_rule,version_requested,version_acquired,version_is_latest_stable,commit_sha,tree_sha,source_sha256,bytes,license,retrieved_utc,failure_class,remaining_gap,backup_object_ids,restore_verified,raw_source_acquired,full_text_acquired,effective_record_id,evidence_origin,theorem_authority_automatically_promoted
C01,flintlib/flint,code,,,,,flintlib/flint,ACQUIRED,SOURCE_ARCHIVE_SNAPSHOT,UNRESOLVED,,,0,"[""https://codeload.github.com/flintlib/flint/tar.gz/2b0788802abf62ec29d8e4a8f917993606e517e0""]",PRESERVE_EXISTING_PIN_OR_ACQUIRED_IDENTITY,v3.4.0,v3.4.0,,2b0788802abf62ec29d8e4a8f917993606e517e0,8d554eba0474f367aed7a6161668d2d14bb91ee1,108ab51a4dd33918ff3308f0c63a63616ae30a2c174d50c9188676e85011346f,8702721,,2026-09-30T15:56:20.206915+00:00,,,"[{""backup_set_id"": ""WU088_V2_CONTENT_PART_UNION"", ""object_id"": ""1KpfvR1QJUcf206bMcK4kpuxhJVNigHci"", ""provider"": ""drive""}, {""backup_set_id"": ""WU088_V2_CONTENT_PART_UNION"", ""object_id"": ""1Dkc4zY1biPnXg0Ocn3YvPi1yQCHOP6px"", ""provider"": ""drive""}, {""backup_set_id"": ""WU088_V2_CONTENT_PART_UNION"", ""object_id"": ""id:BSpOijBcT10AAAAAADw7fw"", ""provider"": ""dropbox""}, {""backup_set_id"": ""WU088_V2_CONTENT_PART_UNION"", ""object_id"": ""id:BSpOijBcT10AAAAAADw7gA"", ""provider"": ""dropbox""}]",0,1,,C01,effective_sources + versioned source/asset evidence; historical tables preserved,0
C02,flintlib/flint,code,,,,,flintlib/flint,ACQUIRED,SOURCE_ARCHIVE_SNAPSHOT,UNRESOLVED,,,0,"[""https://codeload.github.com/flintlib/flint/tar.gz/8d5454b96761fafe4d5a9da76a369a602f500f49""]",PRESERVE_EXISTING_PIN_OR_ACQUIRED_IDENTITY,v3.6.0,v3.6.0,,8d5454b96761fafe4d5a9da76a369a602f500f49,18d57417a96227b27dd5336881403dee6fdc851b,79a28883dab913f1d3d8765b9e6ddd79e88995fe86b991005444189ddfc14c6b,8788567,,2026-09-30T15:56:20.834373+00:00,,,"[{""backup_set_id"": ""WU088_V2_CONTENT_PART_UNION"", ""object_id"": ""1KpfvR1QJUcf206bMcK4kpuxhJVNigHci"", ""provider"": ""drive""}, {""backup_set_id"": ""WU088_V2_CONTENT_PART_UNION"", ""object_id"": ""1Dkc4zY1biPnXg0Ocn3YvPi1yQCHOP6px"", ""provider"": ""drive""}, {""backup_set_id"": ""WU088_V2_CONTENT_PART_UNION"", ""object_id"": ""id:BSpOijBcT10AAAAAADw7fw"", ""provider"": ""dropbox""}, {""backup_set_id"": ""WU088_V2_CONTENT_PART_UNION"", ""object_id"": ""id:BSpOijBcT10AAAAAADw7gA"", ""provider"": ""dropbox""}]",0,1,,C02,effective_sources + versioned source/asset evidence; historical tables preserved,0
C03,flintlib/arb,code,,,,,flintlib/arb,ACQUIRED,SOURCE_ARCHIVE_SNAPSHOT,UNRESOLVED,,,0,"[""https://codeload.github.com/flintlib/arb/tar.gz/af15c0070a6d9fbc551a2cbf23364387233b18e3""]",PRESERVE_EXISTING_PIN_OR_ACQUIRED_IDENTITY,resolved upstream archived-repository commit,resolved upstream archived-repository commit,,af15c0070a6d9fbc551a2cbf23364387233b18e3,9703bf8071d3f2e0b5e76658dd30165bc053f82b,19ee5f352b25f620a13b17797eef6f3a8a1deff2ef4ab677a819869519a517a1,2011997,,2026-09-30T15:56:20.837872+00:00,,,"[{""backup_set_id"": ""WU088_V2_CONTENT_PART_UNION"", ""object_id"": ""1KpfvR1QJUcf206bMcK4kpuxhJVNigHci"", ""provider"": ""drive""}, {""backup_set_id"": ""WU088_V2_CONTENT_PART_UNION"", ""object_id"": ""1Dkc4zY1biPnXg0Ocn3YvPi1yQCHOP6px"", ""provider"": ""drive""}, {""backup_set_id"": ""WU088_V2_CONTENT_PART_UNION"", ""object_id"": ""id:BSpOijBcT10AAAAAADw7fw"", ""provider"": ""dropbox""}, {""backup_set_id"": ""WU088_V2_CONTENT_PART_UNION"", ""object_id"": ""id:BSpOijBcT10AAAAAADw7gA"", ""provider"": ""dropbox""}]",0,1,,C03,effective_sources + versioned source/asset evidence; historical tables preserved,0
C04,numpy/numpy,code,,,,,numpy/numpy,ACQUIRED,SOURCE_ARCHIVE_SNAPSHOT,UNRESOLVED,,,0,"[""https://codeload.github.com/numpy/numpy/tar.gz/c3d60fc8393f3ca3306b8ce8b6453d43737e3d90""]",PRESERVE_EXISTING_PIN_OR_ACQUIRED_IDENTITY,v2.3.5,v2.3.5,,c3d60fc8393f3ca3306b8ce8b6453d43737e3d90,57536adb313e102de1c9994c94befafc35076781,49e3441dce6a47cb1c752cae7e23eed2f5900f23bd28a1bf514f7e336f87b242,9691640,,2026-09-30T15:56:22.136260+00:00,,,"[{""backup_set_id"": ""WU088_V2_CONTENT_PART_UNION"", ""object_id"": ""1KpfvR1QJUcf206bMcK4kpuxhJVNigHci"", ""provider"": ""drive""}, {""backup_set_id"": ""WU088_V2_CONTENT_PART_UNION"", ""object_id"": ""1Dkc4zY1biPnXg0Ocn3YvPi1yQCHOP6px"", ""provider"": ""drive""}, {""backup_set_id"": ""WU088_V2_CONTENT_PART_UNION"", ""object_id"": ""id:BSpOijBcT10AAAAAADw7fw"", ""provider"": ""dropbox""}, {""backup_set_id"": ""WU088_V2_CONTENT_PART_UNION"", ""object_id"": ""id:BSpOijBcT10AAAAAADw7gA"", ""provider"": ""dropbox""}]",0,1,,C04,effective_sources + versioned source/asset evidence; historical tables preserved,0
C05,CAPDGroup/CAPD,code,,,,,CAPDGroup/CAPD,ACQUIRED,SOURCE_ARCHIVE_SNAPSHOT,UNRESOLVED,,,0,"[""https://codeload.github.com/CAPDGroup/CAPD/tar.gz/03dc5628203334b214bb7d9fd63788a175521005""]",PRESERVE_EXISTING_PIN_OR_ACQUIRED_IDENTITY,resolved default-branch commit,resolved default-branch commit,,03dc5628203334b214bb7d9fd63788a175521005,7ed83c8777ca401378e0b820cfe9d40807ba06fe,79ea39ef4eb7138f3e5465a1c3c4388f663bd8a4604bd0d2f4ae102621136250,3126305,,2026-09-30T15:56:21.659553+00:00,,,"[{""backup_set_id"": ""WU088_V2_CONTENT_PART_UNION"", ""object_id"": ""1KpfvR1QJUcf206bMcK4kpuxhJVNigHci"", ""provider"": ""drive""}, {""backup_set_id"": ""WU088_V2_CONTENT_PART_UNION"", ""object_id"": ""1Dkc4zY1biPnXg0Ocn3YvPi1yQCHOP6px"", ""provider"": ""drive""}, {""backup_set_id"": ""WU088_V2_CONTENT_PART_UNION"", ""object_id"": ""id:BSpOijBcT10AAAAAADw7fw"", ""provider"": ""dropbox""}, {""backup_set_id"": ""WU088_V2_CONTENT_PART_UNION"", ""object_id"": ""id:BSpOijBcT10AAAAAADw7gA"", ""provider"": ""dropbox""}]",0,1,,C05,effective_sources + versioned source/asset evidence; historical tables preserved,0
C06,spockcc/ccpe2025-richardson,code,,,,,spockcc/ccpe2025-richardson,ACQUIRED,SOURCE_ARCHIVE_SNAPSHOT,UNRESOLVED,,,0,"[""https://codeload.github.com/spockcc/ccpe2025-richardson/tar.gz/f0566d63375c417cae3edb98c49188e2687b1b76""]",PRESERVE_EXISTING_PIN_OR_ACQUIRED_IDENTITY,resolved default-branch commit,resolved default-branch commit,,f0566d63375c417cae3edb98c49188e2687b1b76,076d6a914ce48772d15759c7a6e115e976be2180,82f75f838457f6b011fc954114016d36f5b77500e0c63a3df2d995c6c6762caf,53676654,,2026-09-30T15:56:23.590627+00:00,,,"[{""backup_set_id"": ""WU088_V2_CONTENT_PART_UNION"", ""object_id"": ""1KpfvR1QJUcf206bMcK4kpuxhJVNigHci"", ""provider"": ""drive""}, {""backup_set_id"": ""WU088_V2_CONTENT_PART_UNION"", ""object_id"": ""1Dkc4zY1biPnXg0Ocn3YvPi1yQCHOP6px"", ""provider"": ""drive""}, {""backup_set_id"": ""WU088_V2_CONTENT_PART_UNION"", ""object_id"": ""id:BSpOijBcT10AAAAAADw7fw"", ""provider"": ""dropbox""}, {""backup_set_id"": ""WU088_V2_CONTENT_PART_UNION"", ""object_id"": ""id:BSpOijBcT10AAAAAADw7gA"", ""provider"": ""dropbox""}]",0,1,,C06,effective_sources + versioned source/asset evidence; historical tables preserved,0
C07,chebfun/chebfun,code,,,,,chebfun/chebfun,ACQUIRED,SOURCE_ARCHIVE_SNAPSHOT,UNRESOLVED,,,0,"[""https://codeload.github.com/chebfun/chebfun/tar.gz/7574c77680d7e82b79626300bf255498271a72df""]",PRESERVE_EXISTING_PIN_OR_ACQUIRED_IDENTITY,resolved default-branch commit,resolved default-branch commit,,7574c77680d7e82b79626300bf255498271a72df,a7def856a0cf5d0eac1f3b41be9d80e0d8de734d,a9ec3194102c64e22376908ae974c2ee21b47ed4316b3e1996b110c789770e70,2397694,,2026-09-30T15:56:22.436627+00:00,,,"[{""backup_set_id"": ""WU088_V2_CONTENT_PART_UNION"", ""object_id"": ""1KpfvR1QJUcf206bMcK4kpuxhJVNigHci"", ""provider"": ""drive""}, {""backup_set_id"": ""WU088_V2_CONTENT_PART_UNION"", ""object_id"": ""1Dkc4zY1biPnXg0Ocn3YvPi1yQCHOP6px"", ""provider"": ""drive""}, {""backup_set_id"": ""WU088_V2_CONTENT_PART_UNION"", ""object_id"": ""id:BSpOijBcT10AAAAAADw7fw"", ""provider"": ""dropbox""}, {""backup_set_id"": ""WU088_V2_CONTENT_PART_UNION"", ""object_id"": ""id:BSpOijBcT10AAAAAADw7gA"", ""provider"": ""dropbox""}]",0,1,,C07,effective_sources + versioned source/asset evidence; historical tables preserved,0
C08,MPFR 4.2.2 release,code,,,,,MPFR 4.2.2 release,ACQUIRED,SOURCE_ARCHIVE_SNAPSHOT,UNRESOLVED,,,0,"[""https://www.mpfr.org/mpfr-4.2.2/mpfr-4.2.2.tar.xz"", ""https://ftp.gnu.org/gnu/mpfr/mpfr-4.2.2.tar.xz""]",PRESERVE_EXISTING_PIN_OR_ACQUIRED_IDENTITY,4.2.2,4.2.2,,,,b67ba0383ef7e8a8563734e2e889ef5ec3c3b898a01d00fa0a6869ad81c6ce01,1505596,,2026-09-30T15:56:23.616937+00:00,,,"[{""backup_set_id"": ""WU088_V2_CONTENT_PART_UNION"", ""object_id"": ""1KpfvR1QJUcf206bMcK4kpuxhJVNigHci"", ""provider"": ""drive""}, {""backup_set_id"": ""WU088_V2_CONTENT_PART_UNION"", ""object_id"": ""1Dkc4zY1biPnXg0Ocn3YvPi1yQCHOP6px"", ""provider"": ""drive""}, {""backup_set_id"": ""WU088_V2_CONTENT_PART_UNION"", ""object_id"": ""id:BSpOijBcT10AAAAAADw7fw"", ""provider"": ""dropbox""}, {""backup_set_id"": ""WU088_V2_CONTENT_PART_UNION"", ""object_id"": ""id:BSpOijBcT10AAAAAADw7gA"", ""provider"": ""dropbox""}]",0,1,,C08,effective_sources + versioned source/asset evidence; historical tables preserved,0
C09,GMP 6.3.0 release,code,,,,,GMP 6.3.0 release,ACQUIRED,SOURCE_ARCHIVE_SNAPSHOT,UNRESOLVED,,,0,"[""https://gmplib.org/download/gmp/gmp-6.3.0.tar.xz"", ""https://ftp.gnu.org/gnu/gmp/gmp-6.3.0.tar.xz""]",PRESERVE_EXISTING_PIN_OR_ACQUIRED_IDENTITY,6.3.0,6.3.0,,,,a3c2b80201b89e68616f4ad30bc66aee4927c3ce50e33929ca819d5c43538898,2094196,,2026-09-30T15:56:27.214623+00:00,,,"[{""backup_set_id"": ""WU088_V2_CONTENT_PART_UNION"", ""object_id"": ""1KpfvR1QJUcf206bMcK4kpuxhJVNigHci"", ""provider"": ""drive""}, {""backup_set_id"": ""WU088_V2_CONTENT_PART_UNION"", ""object_id"": ""1Dkc4zY1biPnXg0Ocn3YvPi1yQCHOP6px"", ""provider"": ""drive""}, {""backup_set_id"": ""WU088_V2_CONTENT_PART_UNION"", ""object_id"": ""id:BSpOijBcT10AAAAAADw7fw"", ""provider"": ""dropbox""}, {""backup_set_id"": ""WU088_V2_CONTENT_PART_UNION"", ""object_id"": ""id:BSpOijBcT10AAAAAADw7gA"", ""provider"": ""dropbox""}]",0,1,,C09,effective_sources + versioned source/asset evidence; historical tables preserved,0
C10,MPFI 1.5.4 release,code,,,,,MPFI 1.5.4 release,ACQUIRED,SOURCE_ARCHIVE_SNAPSHOT,UNRESOLVED,,,0,"[""https://perso.ens-lyon.fr/nathalie.revol/software/mpfi-1.5.4.tar.gz"", ""https://perso.ens-lyon.fr/nathalie.revol/mpfi-1.5.4.tar.gz"", ""https://gitlab.inria.fr/mpfi/mpfi/-/archive/1.5.4/mpfi-1.5.4.tar.gz""]",PRESERVE_EXISTING_PIN_OR_ACQUIRED_IDENTITY,1.5.4,1.5.4,,,,66230dc64f308cd3c10451cb6f95e83439ee7cce057c3c372a16b77eb7ba419e,224960,,2026-09-30T15:56:24.953718+00:00,,,"[{""backup_set_id"": ""WU088_V2_CONTENT_PART_UNION"", ""object_id"": ""1KpfvR1QJUcf206bMcK4kpuxhJVNigHci"", ""provider"": ""drive""}, {""backup_set_id"": ""WU088_V2_CONTENT_PART_UNION"", ""object_id"": ""1Dkc4zY1biPnXg0Ocn3YvPi1yQCHOP6px"", ""provider"": ""drive""}, {""backup_set_id"": ""WU088_V2_CONTENT_PART_UNION"", ""object_id"": ""id:BSpOijBcT10AAAAAADw7fw"", ""provider"": ""dropbox""}, {""backup_set_id"": ""WU088_V2_CONTENT_PART_UNION"", ""object_id"": ""id:BSpOijBcT10AAAAAADw7gA"", ""provider"": ""dropbox""}]",0,1,,C10,effective_sources + versioned source/asset evidence; historical tables preserved,0
C11,INTLAB implementation,code,,,,,INTLAB implementation,NOT_ACQUIRED_PERSONAL_PAID_LICENSE_REQUIRED,metadata_only,UNRESOLVED,,,0,"[""https://www.tuhh.de/ti3/rump/intlab/"", ""https://www.tuhh.de/ti3/rump/intlab/Obtain_INTLAB.shtml""]",PRESERVE_EXISTING_PIN_OR_ACQUIRED_IDENTITY,14.1,,,,,,,,,PERSONAL_PAID_LICENSE_REQUIRED,Personal paid source licence required; official conditions retained as D06.,[],0,0,,C11-R2,effective_sources + versioned source/asset evidence; historical tables preserved,0
C12,Taylor models / COSY lineage implementation,code,,,,,Taylor models / COSY lineage implementation,NOT_ACQUIRED_SOURCE_REGISTRATION_REQUIRED_DOCUMENTATION_ACQUIRED,official_manual,OFFICIAL_DOCUMENTATION,,0,0,"[""https://www.bmtdynamics.org/cosy/manual/COSYProgMan102.pdf"", ""https://www.bmtdynamics.org/cosy/""]",LATEST_OFFICIAL_DOCUMENTED_STABLE_TARGET,10.2,,,,,18de0ffc8be0235443aa35bb830dff7ead5a21f521b54201a67e43eb4f28b2dd,375207,Personal registered noncommercial licence; commercial licence separately,2026-09-30T21:55:13.533249+00:00,PERSONAL_REGISTRATION_SIGNED_LICENSE_REQUIRED,"Source requires personal registration and signed licence; no login, registration, signature or purchase performed.","[{""backup_set_id"": ""WU088_V2_CONTENT_PART_UNION"", ""object_id"": ""1KpfvR1QJUcf206bMcK4kpuxhJVNigHci"", ""provider"": ""drive""}, {""backup_set_id"": ""WU088_V2_CONTENT_PART_UNION"", ""object_id"": ""1Dkc4zY1biPnXg0Ocn3YvPi1yQCHOP6px"", ""provider"": ""drive""}, {""backup_set_id"": ""WU088_V2_CONTENT_PART_UNION"", ""object_id"": ""id:BSpOijBcT10AAAAAADw7fw"", ""provider"": ""dropbox""}, {""backup_set_id"": ""WU088_V2_CONTENT_PART_UNION"", ""object_id"": ""id:BSpOijBcT10AAAAAADw7gA"", ""provider"": ""dropbox""}]",0,0,,C12-MANUAL-R2,effective_sources + versioned source/asset evidence; historical tables preserved,0
C13,Rump accurate sum and dot product reference implementations,code,,,,,Rump accurate sum and dot product reference implementations,ACQUIRED,SOURCE_ARCHIVE_SNAPSHOT,UNRESOLVED,,,0,"[""https://www.tuhh.de/ti3/rump/AccSum.zip""]",PRESERVE_EXISTING_PIN_OR_ACQUIRED_IDENTITY,unversioned author ZIP; bytes pinned,unversioned author ZIP; bytes pinned,,,,2b7343326c58dc10dc75e456ff7b75346b017783c012d04f7e8a88cf5415fc44,25412,,2026-09-30T16:04:19.256977+00:00,,,"[{""backup_set_id"": ""WU088_V2_CONTENT_PART_UNION"", ""object_id"": ""1KpfvR1QJUcf206bMcK4kpuxhJVNigHci"", ""provider"": ""drive""}, {""backup_set_id"": ""WU088_V2_CONTENT_PART_UNION"", ""object_id"": ""1Dkc4zY1biPnXg0Ocn3YvPi1yQCHOP6px"", ""provider"": ""drive""}, {""backup_set_id"": ""WU088_V2_CONTENT_PART_UNION"", ""object_id"": ""id:BSpOijBcT10AAAAAADw7fw"", ""provider"": ""dropbox""}, {""backup_set_id"": ""WU088_V2_CONTENT_PART_UNION"", ""object_id"": ""id:BSpOijBcT10AAAAAADw7gA"", ""provider"": ""dropbox""}]",0,1,,C13,effective_sources + versioned source/asset evidence; historical tables preserved,0
C14,Petras cinte: official unversioned PASCAL-XSC source archive,code,Knut Petras,2002,10.1016/S0377-0427(01)00586-6,,Petras cinte: official unversioned PASCAL-XSC source archive,ACQUIRED_OFFICIAL_UNVERSIONED_SOURCE_ARCHIVE,official_source_archive,OFFICIAL_SOURCE_BYTES,,0,0,"[""https://www2.math.uni-wuppertal.de/wrswt/xsc/pascal-xsc/software/petras/cinte.tgz"", ""https://www2.math.uni-wuppertal.de/wrswt/xsc/pascal-xsc/software/petras/description.html""]",NO_OFFICIAL_RELEASE_TAG_OR_GIT_REPOSITORY_IDENTIFIED; CURRENT_OFFICIAL_UNVERSIONED_ARCHIVE_BYTES_PINNED,,unversioned official archive; SHA256 pinned,,,,bec41cca09213ca13df910deed5ea8c4ace7a85916f2eff2759c13095cb821ba,46148,,2026-09-30T21:55:13.058686+00:00,,,"[{""backup_set_id"": ""WU088_V2_CONTENT_PART_UNION"", ""object_id"": ""1KpfvR1QJUcf206bMcK4kpuxhJVNigHci"", ""provider"": ""drive""}, {""backup_set_id"": ""WU088_V2_CONTENT_PART_UNION"", ""object_id"": ""1Dkc4zY1biPnXg0Ocn3YvPi1yQCHOP6px"", ""provider"": ""drive""}, {""backup_set_id"": ""WU088_V2_CONTENT_PART_UNION"", ""object_id"": ""id:BSpOijBcT10AAAAAADw7fw"", ""provider"": ""dropbox""}, {""backup_set_id"": ""WU088_V2_CONTENT_PART_UNION"", ""object_id"": ""id:BSpOijBcT10AAAAAADw7gA"", ""provider"": ""dropbox""}]",0,1,,C14,effective_sources + versioned source/asset evidence; historical tables preserved,0
D01,FLINT 3.4.0 manual,documentation_or_metadata,,,,,FLINT 3.4.0 manual,ACQUIRED,FULL_PDF,UNRESOLVED,,,0,"[""https://flintlib.org/doc/flint-3.4.0.pdf"", ""https://flintlib.org/flint-3.4.0.pdf"", ""https://flintlib.org/download/flint-3.4.0.pdf""]",,,,,,,b0b171b79d91bcb24acaa82e7619d2e600a53b85e460a371d97c0f8837b56a6f,6213917,,2026-09-30T16:04:18.619216+00:00,,,"[{""backup_set_id"": ""WU088_V2_CONTENT_PART_UNION"", ""object_id"": ""1KpfvR1QJUcf206bMcK4kpuxhJVNigHci"", ""provider"": ""drive""}, {""backup_set_id"": ""WU088_V2_CONTENT_PART_UNION"", ""object_id"": ""1Dkc4zY1biPnXg0Ocn3YvPi1yQCHOP6px"", ""provider"": ""drive""}, {""backup_set_id"": ""WU088_V2_CONTENT_PART_UNION"", ""object_id"": ""id:BSpOijBcT10AAAAAADw7fw"", ""provider"": ""dropbox""}, {""backup_set_id"": ""WU088_V2_CONTENT_PART_UNION"", ""object_id"": ""id:BSpOijBcT10AAAAAADw7gA"", ""provider"": ""dropbox""}]",0,,,D01,effective_sources + versioned source/asset evidence; historical tables preserved,0
D02,MPFR 4.2.2 manual,documentation_or_metadata,,,,,MPFR 4.2.2 manual,ACQUIRED,institutional_repository,UNRESOLVED,,,0,"[""https://www.mpfr.org/mpfr-4.2.2/mpfr.pdf""]",,,,,,,6402480c32a9272191a0f1c2f39083ee93c0fb3afe5611bd144eb4f9aa7e9177,508750,,2026-09-30T15:56:24.609093+00:00,,,"[{""backup_set_id"": ""WU088_V2_CONTENT_PART_UNION"", ""object_id"": ""1KpfvR1QJUcf206bMcK4kpuxhJVNigHci"", ""provider"": ""drive""}, {""backup_set_id"": ""WU088_V2_CONTENT_PART_UNION"", ""object_id"": ""1Dkc4zY1biPnXg0Ocn3YvPi1yQCHOP6px"", ""provider"": ""drive""}, {""backup_set_id"": ""WU088_V2_CONTENT_PART_UNION"", ""object_id"": ""id:BSpOijBcT10AAAAAADw7fw"", ""provider"": ""dropbox""}, {""backup_set_id"": ""WU088_V2_CONTENT_PART_UNION"", ""object_id"": ""id:BSpOijBcT10AAAAAADw7gA"", ""provider"": ""dropbox""}]",0,,,D02,effective_sources + versioned source/asset evidence; historical tables preserved,0
D03,SysV AMD64 ABI 0.99,documentation_or_metadata,,,,,SysV AMD64 ABI 0.99,ACQUIRED,institutional_repository,UNRESOLVED,,,0,"[""https://refspecs.linuxfoundation.org/elf/x86_64-abi-0.99.pdf""]",,,,,,,69e117a13b560b1b957c15f05a61b130ca56828f05dca951e27cb8e2ada14283,570340,,2026-09-30T15:56:25.566104+00:00,,,"[{""backup_set_id"": ""WU088_V2_CONTENT_PART_UNION"", ""object_id"": ""1KpfvR1QJUcf206bMcK4kpuxhJVNigHci"", ""provider"": ""drive""}, {""backup_set_id"": ""WU088_V2_CONTENT_PART_UNION"", ""object_id"": ""1Dkc4zY1biPnXg0Ocn3YvPi1yQCHOP6px"", ""provider"": ""drive""}, {""backup_set_id"": ""WU088_V2_CONTENT_PART_UNION"", ""object_id"": ""id:BSpOijBcT10AAAAAADw7fw"", ""provider"": ""dropbox""}, {""backup_set_id"": ""WU088_V2_CONTENT_PART_UNION"", ""object_id"": ""id:BSpOijBcT10AAAAAADw7gA"", ""provider"": ""dropbox""}]",0,,,D03,effective_sources + versioned source/asset evidence; historical tables preserved,0
D04,GMP 6.3.0 manual,documentation_or_metadata,,,,,GMP 6.3.0 manual,ACQUIRED,institutional_repository,UNRESOLVED,,,0,"[""https://gmplib.org/gmp-man-6.3.0.pdf""]",,,,,,,5f935caa9ab1074fba1620fe77b9745cb0476a8116df6d26d08b4fef22aa1cf8,843919,,2026-09-30T15:56:26.405935+00:00,,,"[{""backup_set_id"": ""WU088_V2_CONTENT_PART_UNION"", ""object_id"": ""1KpfvR1QJUcf206bMcK4kpuxhJVNigHci"", ""provider"": ""drive""}, {""backup_set_id"": ""WU088_V2_CONTENT_PART_UNION"", ""object_id"": ""1Dkc4zY1biPnXg0Ocn3YvPi1yQCHOP6px"", ""provider"": ""drive""}, {""backup_set_id"": ""WU088_V2_CONTENT_PART_UNION"", ""object_id"": ""id:BSpOijBcT10AAAAAADw7fw"", ""provider"": ""dropbox""}, {""backup_set_id"": ""WU088_V2_CONTENT_PART_UNION"", ""object_id"": ""id:BSpOijBcT10AAAAAADw7gA"", ""provider"": ""dropbox""}]",0,,,D04,effective_sources + versioned source/asset evidence; historical tables preserved,0
D05,Trefethen Chebyshev coefficient bound exposition,documentation_or_metadata,,,,,Trefethen Chebyshev coefficient bound exposition,ACQUIRED,HTML_OR_TEXT_SNAPSHOT,UNRESOLVED,,,0,"[""https://www.chebfun.org/examples/approx/EntireBound.html""]",,,,,,,c8e92084453aa000d37fd0ae1a7cc5437c738e7bbdb24b0e04423a02a7eb5b16,7877,,2026-09-30T15:56:25.135319+00:00,,,"[{""backup_set_id"": ""WU088_V2_CONTENT_PART_UNION"", ""object_id"": ""1KpfvR1QJUcf206bMcK4kpuxhJVNigHci"", ""provider"": ""drive""}, {""backup_set_id"": ""WU088_V2_CONTENT_PART_UNION"", ""object_id"": ""1Dkc4zY1biPnXg0Ocn3YvPi1yQCHOP6px"", ""provider"": ""drive""}, {""backup_set_id"": ""WU088_V2_CONTENT_PART_UNION"", ""object_id"": ""id:BSpOijBcT10AAAAAADw7fw"", ""provider"": ""dropbox""}, {""backup_set_id"": ""WU088_V2_CONTENT_PART_UNION"", ""object_id"": ""id:BSpOijBcT10AAAAAADw7gA"", ""provider"": ""dropbox""}]",0,,,D05,effective_sources + versioned source/asset evidence; historical tables preserved,0
D06,INTLAB acquisition and license conditions,documentation_or_metadata,,,,,INTLAB acquisition and license conditions,ACQUIRED,HTML_OR_TEXT_SNAPSHOT,UNRESOLVED,,,0,"[""https://www.tuhh.de/ti3/rump/intlab/Obtain_INTLAB.shtml""]",,,,,,,067f71b5aad00b10d7559607fcffcb4f6325732b1fdf4dcc63fcd203504a3d92,5861,,2026-09-30T15:56:25.454823+00:00,,,"[{""backup_set_id"": ""WU088_V2_CONTENT_PART_UNION"", ""object_id"": ""1KpfvR1QJUcf206bMcK4kpuxhJVNigHci"", ""provider"": ""drive""}, {""backup_set_id"": ""WU088_V2_CONTENT_PART_UNION"", ""object_id"": ""1Dkc4zY1biPnXg0Ocn3YvPi1yQCHOP6px"", ""provider"": ""drive""}, {""backup_set_id"": ""WU088_V2_CONTENT_PART_UNION"", ""object_id"": ""id:BSpOijBcT10AAAAAADw7fw"", ""provider"": ""dropbox""}, {""backup_set_id"": ""WU088_V2_CONTENT_PART_UNION"", ""object_id"": ""id:BSpOijBcT10AAAAAADw7gA"", ""provider"": ""dropbox""}]",0,,,D06,effective_sources + versioned source/asset evidence; historical tables preserved,0
D07,FLINT3.4 acb_calc source documentation,documentation_or_metadata,,,,,FLINT3.4 acb_calc source documentation,ACQUIRED,HTML_OR_TEXT_SNAPSHOT,UNRESOLVED,,,0,"[""https://raw.githubusercontent.com/flintlib/flint/v3.4.0/doc/source/acb_calc.rst""]",,,,,,,c57859a8a3b05fd0dc95a4f8a3f2448f04d70e5655a83bf944faab1d6fcde171,17891,,2026-09-30T15:56:25.557474+00:00,,,"[{""backup_set_id"": ""WU088_V2_CONTENT_PART_UNION"", ""object_id"": ""1KpfvR1QJUcf206bMcK4kpuxhJVNigHci"", ""provider"": ""drive""}, {""backup_set_id"": ""WU088_V2_CONTENT_PART_UNION"", ""object_id"": ""1Dkc4zY1biPnXg0Ocn3YvPi1yQCHOP6px"", ""provider"": ""drive""}, {""backup_set_id"": ""WU088_V2_CONTENT_PART_UNION"", ""object_id"": ""id:BSpOijBcT10AAAAAADw7fw"", ""provider"": ""dropbox""}, {""backup_set_id"": ""WU088_V2_CONTENT_PART_UNION"", ""object_id"": ""id:BSpOijBcT10AAAAAADw7gA"", ""provider"": ""dropbox""}]",0,,,D07,effective_sources + versioned source/asset evidence; historical tables preserved,0
D08,FLINT3.4 acb_hypgeom source documentation,documentation_or_metadata,,,,,FLINT3.4 acb_hypgeom source documentation,ACQUIRED,HTML_OR_TEXT_SNAPSHOT,UNRESOLVED,,,0,"[""https://raw.githubusercontent.com/flintlib/flint/v3.4.0/doc/source/acb_hypgeom.rst""]",,,,,,,45edca2cacf731f8c948ad99d08d6ec94e4717f6525e1e44511257f91dafc7d2,58537,,2026-09-30T15:56:25.640964+00:00,,,"[{""backup_set_id"": ""WU088_V2_CONTENT_PART_UNION"", ""object_id"": ""1KpfvR1QJUcf206bMcK4kpuxhJVNigHci"", ""provider"": ""drive""}, {""backup_set_id"": ""WU088_V2_CONTENT_PART_UNION"", ""object_id"": ""1Dkc4zY1biPnXg0Ocn3YvPi1yQCHOP6px"", ""provider"": ""drive""}, {""backup_set_id"": ""WU088_V2_CONTENT_PART_UNION"", ""object_id"": ""id:BSpOijBcT10AAAAAADw7fw"", ""provider"": ""dropbox""}, {""backup_set_id"": ""WU088_V2_CONTENT_PART_UNION"", ""object_id"": ""id:BSpOijBcT10AAAAAADw7gA"", ""provider"": ""dropbox""}]",0,,,D08,effective_sources + versioned source/asset evidence; historical tables preserved,0
D09,MPFR4.2.2 upstream detached signature,documentation_or_metadata,,,,,MPFR4.2.2 upstream detached signature,ACQUIRED,HTML_OR_TEXT_SNAPSHOT,UNRESOLVED,,,0,"[""https://www.mpfr.org/mpfr-4.2.2/mpfr-4.2.2.tar.xz.asc""]",,,,,,,c6264c9a3652bc40775205ce90e7c96cea5058629e2e68f9eede5d8213f23ee6,228,,2026-09-30T15:56:26.175905+00:00,,,"[{""backup_set_id"": ""WU088_V2_CONTENT_PART_UNION"", ""object_id"": ""1KpfvR1QJUcf206bMcK4kpuxhJVNigHci"", ""provider"": ""drive""}, {""backup_set_id"": ""WU088_V2_CONTENT_PART_UNION"", ""object_id"": ""1Dkc4zY1biPnXg0Ocn3YvPi1yQCHOP6px"", ""provider"": ""drive""}, {""backup_set_id"": ""WU088_V2_CONTENT_PART_UNION"", ""object_id"": ""id:BSpOijBcT10AAAAAADw7fw"", ""provider"": ""dropbox""}, {""backup_set_id"": ""WU088_V2_CONTENT_PART_UNION"", ""object_id"": ""id:BSpOijBcT10AAAAAADw7gA"", ""provider"": ""dropbox""}]",0,,,D09,effective_sources + versioned source/asset evidence; historical tables preserved,0
D10,GMP6.3.0 upstream detached signature,documentation_or_metadata,,,,,GMP6.3.0 upstream detached signature,ACQUIRED,HTML_OR_TEXT_SNAPSHOT,UNRESOLVED,,,0,"[""https://ftp.gnu.org/gnu/gmp/gmp-6.3.0.tar.xz.sig""]",,,,,,,94def8c1a731854de684689126046ec93589147abd4cd0025f12d741d323aa82,374,,2026-09-30T15:56:25.787643+00:00,,,"[{""backup_set_id"": ""WU088_V2_CONTENT_PART_UNION"", ""object_id"": ""1KpfvR1QJUcf206bMcK4kpuxhJVNigHci"", ""provider"": ""drive""}, {""backup_set_id"": ""WU088_V2_CONTENT_PART_UNION"", ""object_id"": ""1Dkc4zY1biPnXg0Ocn3YvPi1yQCHOP6px"", ""provider"": ""drive""}, {""backup_set_id"": ""WU088_V2_CONTENT_PART_UNION"", ""object_id"": ""id:BSpOijBcT10AAAAAADw7fw"", ""provider"": ""dropbox""}, {""backup_set_id"": ""WU088_V2_CONTENT_PART_UNION"", ""object_id"": ""id:BSpOijBcT10AAAAAADw7gA"", ""provider"": ""dropbox""}]",0,,,D10,effective_sources + versioned source/asset evidence; historical tables preserved,0
P01,Numerical integration in arbitrary-precision ball arithmetic,paper,Fredrik Johansson,2018,,1802.07942,1802.07942,ACQUIRED,arxiv_preprint,PREPUBLICATION_SAME_WORK,,,0,"[""https://arxiv.org/pdf/1802.07942"", ""https://export.arxiv.org/pdf/1802.07942""]",,,,,,,64abe78ce44e513bacf764e205f5f4eb728e6c6a0c79dc1a114b2cbfb44aae78,589131,,2026-09-30T15:56:17.546764+00:00,,,"[{""backup_set_id"": ""WU088_V2_CONTENT_PART_UNION"", ""object_id"": ""1KpfvR1QJUcf206bMcK4kpuxhJVNigHci"", ""provider"": ""drive""}, {""backup_set_id"": ""WU088_V2_CONTENT_PART_UNION"", ""object_id"": ""1Dkc4zY1biPnXg0Ocn3YvPi1yQCHOP6px"", ""provider"": ""drive""}, {""backup_set_id"": ""WU088_V2_CONTENT_PART_UNION"", ""object_id"": ""id:BSpOijBcT10AAAAAADw7fw"", ""provider"": ""dropbox""}, {""backup_set_id"": ""WU088_V2_CONTENT_PART_UNION"", ""object_id"": ""id:BSpOijBcT10AAAAAADw7gA"", ""provider"": ""dropbox""}]",0,,1,P01,effective_sources + versioned source/asset evidence; historical tables preserved,0
P02,Arb: Efficient Arbitrary-Precision Midpoint-Radius Interval Arithmetic,paper,Fredrik Johansson,2017,,1611.02831,1611.02831,ACQUIRED,arxiv_preprint,PREPUBLICATION_SAME_WORK,,,0,"[""https://arxiv.org/pdf/1611.02831"", ""https://export.arxiv.org/pdf/1611.02831""]",,,,,,,44802d5cce02bf91a3d155870b8f315f2955866e283bfb48f6776a07f35f6ebf,300134,,2026-09-30T15:56:17.569127+00:00,,,"[{""backup_set_id"": ""WU088_V2_CONTENT_PART_UNION"", ""object_id"": ""1KpfvR1QJUcf206bMcK4kpuxhJVNigHci"", ""provider"": ""drive""}, {""backup_set_id"": ""WU088_V2_CONTENT_PART_UNION"", ""object_id"": ""1Dkc4zY1biPnXg0Ocn3YvPi1yQCHOP6px"", ""provider"": ""drive""}, {""backup_set_id"": ""WU088_V2_CONTENT_PART_UNION"", ""object_id"": ""id:BSpOijBcT10AAAAAADw7fw"", ""provider"": ""dropbox""}, {""backup_set_id"": ""WU088_V2_CONTENT_PART_UNION"", ""object_id"": ""id:BSpOijBcT10AAAAAADw7gA"", ""provider"": ""dropbox""}]",0,,1,P02,effective_sources + versioned source/asset evidence; historical tables preserved,0
P03,On the Petras algorithm for verified integration of piecewise analytic functions,paper,Małgorzata Moczurad; Piotr Zgliczyński,2016,,1603.03945,1603.03945,ACQUIRED,arxiv_preprint,PREPUBLICATION_SAME_WORK,,,0,"[""https://arxiv.org/pdf/1603.03945"", ""https://export.arxiv.org/pdf/1603.03945""]",,,,,,,6042f6b01b39f28aa9f55777608b22392ff1e375dfe94d6316458a322244829d,323839,,2026-09-30T15:56:17.603754+00:00,,,"[{""backup_set_id"": ""WU088_V2_CONTENT_PART_UNION"", ""object_id"": ""1KpfvR1QJUcf206bMcK4kpuxhJVNigHci"", ""provider"": ""drive""}, {""backup_set_id"": ""WU088_V2_CONTENT_PART_UNION"", ""object_id"": ""1Dkc4zY1biPnXg0Ocn3YvPi1yQCHOP6px"", ""provider"": ""drive""}, {""backup_set_id"": ""WU088_V2_CONTENT_PART_UNION"", ""object_id"": ""id:BSpOijBcT10AAAAAADw7fw"", ""provider"": ""dropbox""}, {""backup_set_id"": ""WU088_V2_CONTENT_PART_UNION"", ""object_id"": ""id:BSpOijBcT10AAAAAADw7gA"", ""provider"": ""dropbox""}]",0,,1,P03,effective_sources + versioned source/asset evidence; historical tables preserved,0
P04,Self-validating integration and approximation of piecewise analytic functions,paper,Knut Petras,2002,10.1016/S0377-0427(01)00586-6,,10.1016/S0377-0427(01)00586-6,ACQUIRED_AUTHOR_MANUSCRIPT,author_manuscript,PREPUBLICATION_SAME_WORK,0,0,0,"[""https://www.sciencedirect.com/science/article/pii/S0377042701005866/pdfft?isDTMRedir=true&download=true"", ""https://www.sciencedirect.com/science/article/pii/S0377042701005866"", ""https://doi.org/10.1016/S0377-0427(01)00586-6"", ""https://www.sciencedirect.com/science/article/pii/S0377042701005866/pdf"", ""https://www2.math.uni-wuppertal.de/wrswt/xsc/pascal-xsc/software/petras/vipaf.ps""]",,,,,,,f641dd79087919f6e1d7fe9823154ef83e754a789bcc223cf9a5159a227661ac,238197,,2026-09-30T21:55:13.242964+00:00,,Final publisher comparison remains unresolved; preprint full text acquired.,"[{""backup_set_id"": ""WU088_V2_CONTENT_PART_UNION"", ""object_id"": ""1KpfvR1QJUcf206bMcK4kpuxhJVNigHci"", ""provider"": ""drive""}, {""backup_set_id"": ""WU088_V2_CONTENT_PART_UNION"", ""object_id"": ""1Dkc4zY1biPnXg0Ocn3YvPi1yQCHOP6px"", ""provider"": ""drive""}, {""backup_set_id"": ""WU088_V2_CONTENT_PART_UNION"", ""object_id"": ""id:BSpOijBcT10AAAAAADw7fw"", ""provider"": ""dropbox""}, {""backup_set_id"": ""WU088_V2_CONTENT_PART_UNION"", ""object_id"": ""id:BSpOijBcT10AAAAAADw7gA"", ""provider"": ""dropbox""}]",0,,1,P04-R2,effective_sources + versioned source/asset evidence; historical tables preserved,0
P05,Taylor Models and Other Validated Functional Inclusion Methods,paper,Kyoko Makino; Martin Berz,2003,,,Taylor Models and Other Validated Functional Inclusion Methods,ACQUIRED,FULL_PDF,UNRESOLVED,,,0,"[""https://bt.pa.msu.edu/pub/papers/TMIJPAM03/TMIJPAM03.pdf"", ""https://www.researchgate.net/profile/Martin-Berz/publication/247699712_Taylor_models_and_other_validated_functional_inclusion_methods/links/02e7e5373627045452000000/Taylor-models-and-other-validated-functional-inclusion-methods.pdf"", ""https://www.ijpam.eu/contents/2003-4-4/2/2.pdf"", ""https://mail.ijpam.eu/contents/2003-4-4/2/2.pdf"", ""https://www.bmtdynamics.org/pub/papers/TMIJPAM03/TMIJPAM03.pdf""]",,,,,,,883a4168b77e8c49ea2f2c1241d1177afea92a4c529bd6cc730105078e094ccd,612672,,2026-09-30T16:04:15.681076+00:00,,,"[{""backup_set_id"": ""WU088_V2_CONTENT_PART_UNION"", ""object_id"": ""1KpfvR1QJUcf206bMcK4kpuxhJVNigHci"", ""provider"": ""drive""}, {""backup_set_id"": ""WU088_V2_CONTENT_PART_UNION"", ""object_id"": ""1Dkc4zY1biPnXg0Ocn3YvPi1yQCHOP6px"", ""provider"": ""drive""}, {""backup_set_id"": ""WU088_V2_CONTENT_PART_UNION"", ""object_id"": ""id:BSpOijBcT10AAAAAADw7fw"", ""provider"": ""dropbox""}, {""backup_set_id"": ""WU088_V2_CONTENT_PART_UNION"", ""object_id"": ""id:BSpOijBcT10AAAAAADw7gA"", ""provider"": ""dropbox""}]",0,,1,P05,effective_sources + versioned source/asset evidence; historical tables preserved,0
P06,Error Bounds for Gaussian Quadrature of Analytic Functions,paper,Walter Gautschi; Richard S. Varga,1983,10.1137/0720087,,10.1137/0720087,ACQUIRED_INSTITUTIONAL_PUBLISHER_SCAN,institutional_repository,EXACT_PUBLISHER_VERSION,1,0,0,"[""https://epubs.siam.org/doi/pdf/10.1137/0720087"", ""https://epubs.siam.org/doi/10.1137/0720087"", ""https://doi.org/10.1137/0720087"", ""https://www.cs.purdue.edu/homes/wxg/selected_works/section_08/085.pdf""]",,,,,,,f1d9fc7bce7dae921bd0ee205bc4bed277975a8e5a9c4dd7e61e31f71e61f87f,1492491,,2026-09-30T21:55:13.527979+00:00,,,"[{""backup_set_id"": ""WU088_V2_CONTENT_PART_UNION"", ""object_id"": ""1KpfvR1QJUcf206bMcK4kpuxhJVNigHci"", ""provider"": ""drive""}, {""backup_set_id"": ""WU088_V2_CONTENT_PART_UNION"", ""object_id"": ""1Dkc4zY1biPnXg0Ocn3YvPi1yQCHOP6px"", ""provider"": ""drive""}, {""backup_set_id"": ""WU088_V2_CONTENT_PART_UNION"", ""object_id"": ""id:BSpOijBcT10AAAAAADw7fw"", ""provider"": ""dropbox""}, {""backup_set_id"": ""WU088_V2_CONTENT_PART_UNION"", ""object_id"": ""id:BSpOijBcT10AAAAAADw7gA"", ""provider"": ""dropbox""}]",0,,1,P06-R2,effective_sources + versioned source/asset evidence; historical tables preserved,0
P07,"Verified bounds for singular values, in particular for the spectral norm of a matrix and its inverse",paper,Siegfried M. Rump,2011,10.1007/s10543-010-0294-0,,10.1007/s10543-010-0294-0,ACQUIRED,FULL_PDF,UNRESOLVED,,,0,"[""https://link.springer.com/content/pdf/10.1007/s10543-010-0294-0.pdf"", ""https://www.researchgate.net/publication/225641170_Verified_bounds_for_singular_values_in_particular_for_the_spectral_norm_of_a_matrix_and_its_inverse"", ""https://www.tuhh.de/ti3/paper/rump/Ru10a.pdf""]",,,,,,,1630b8d6aa44bc77bfbcc2c5c47c5c6e7e31451d0875aa7096a9cf871cdcc2c2,154280,,2026-09-30T16:04:15.171861+00:00,,,"[{""backup_set_id"": ""WU088_V2_CONTENT_PART_UNION"", ""object_id"": ""1KpfvR1QJUcf206bMcK4kpuxhJVNigHci"", ""provider"": ""drive""}, {""backup_set_id"": ""WU088_V2_CONTENT_PART_UNION"", ""object_id"": ""1Dkc4zY1biPnXg0Ocn3YvPi1yQCHOP6px"", ""provider"": ""drive""}, {""backup_set_id"": ""WU088_V2_CONTENT_PART_UNION"", ""object_id"": ""id:BSpOijBcT10AAAAAADw7fw"", ""provider"": ""dropbox""}, {""backup_set_id"": ""WU088_V2_CONTENT_PART_UNION"", ""object_id"": ""id:BSpOijBcT10AAAAAADw7gA"", ""provider"": ""dropbox""}]",0,,1,P07,effective_sources + versioned source/asset evidence; historical tables preserved,0
P08,Accurate Sum and Dot Product,paper,Takeshi Ogita; Siegfried M. Rump; Shin’ichi Oishi,2005,10.1137/030601818,,10.1137/030601818,ACQUIRED,institutional_repository,UNRESOLVED,,,0,"[""https://www.tuhh.de/ti3/paper/rump/OgRuOi05.pdf"", ""https://epubs.siam.org/doi/pdf/10.1137/030601818""]",,,,,,,56e897ffce0a843ea531769d50b8466241ae4f01094b0ddf83d8fff74255cfcc,373558,,2026-09-30T15:56:18.923092+00:00,,,"[{""backup_set_id"": ""WU088_V2_CONTENT_PART_UNION"", ""object_id"": ""1KpfvR1QJUcf206bMcK4kpuxhJVNigHci"", ""provider"": ""drive""}, {""backup_set_id"": ""WU088_V2_CONTENT_PART_UNION"", ""object_id"": ""1Dkc4zY1biPnXg0Ocn3YvPi1yQCHOP6px"", ""provider"": ""drive""}, {""backup_set_id"": ""WU088_V2_CONTENT_PART_UNION"", ""object_id"": ""id:BSpOijBcT10AAAAAADw7fw"", ""provider"": ""dropbox""}, {""backup_set_id"": ""WU088_V2_CONTENT_PART_UNION"", ""object_id"": ""id:BSpOijBcT10AAAAAADw7gA"", ""provider"": ""dropbox""}]",0,,1,P08,effective_sources + versioned source/asset evidence; historical tables preserved,0
P09,How Accurate is Richardson’s Error Estimate?,paper,Carl Christian Kjelgaard Mikkelsen; Lorién López-Villellas,2025,10.1002/cpe.70305,,10.1002/cpe.70305,ACQUIRED,institutional_repository,UNRESOLVED,,,0,"[""https://umu.diva-portal.org/smash/get/diva2:2014645/FULLTEXT01.pdf"", ""https://onlinelibrary.wiley.com/doi/pdf/10.1002/cpe.70305"", ""https://onlinelibrary.wiley.com/doi/full/10.1002/cpe.70305""]",,,,,,,0f7eda92047e263cd7d9e83ba8c828ad0a6586dac2f4418e0ddc6de2f519161f,1020382,,2026-09-30T15:56:22.650198+00:00,,,"[{""backup_set_id"": ""WU088_V2_CONTENT_PART_UNION"", ""object_id"": ""1KpfvR1QJUcf206bMcK4kpuxhJVNigHci"", ""provider"": ""drive""}, {""backup_set_id"": ""WU088_V2_CONTENT_PART_UNION"", ""object_id"": ""1Dkc4zY1biPnXg0Ocn3YvPi1yQCHOP6px"", ""provider"": ""drive""}, {""backup_set_id"": ""WU088_V2_CONTENT_PART_UNION"", ""object_id"": ""id:BSpOijBcT10AAAAAADw7fw"", ""provider"": ""dropbox""}, {""backup_set_id"": ""WU088_V2_CONTENT_PART_UNION"", ""object_id"": ""id:BSpOijBcT10AAAAAADw7gA"", ""provider"": ""dropbox""}]",0,,1,P09,effective_sources + versioned source/asset evidence; historical tables preserved,0
P10,Fast and rigorous arbitrary-precision computation of Gauss-Legendre quadrature nodes and weights,paper,Fredrik Johansson; Marc Mezzarobba,2018,,1802.03948,1802.03948,ACQUIRED,arxiv_preprint,PREPUBLICATION_SAME_WORK,,,0,"[""https://arxiv.org/pdf/1802.03948"", ""https://export.arxiv.org/pdf/1802.03948""]",,,,,,,017ea48db9dc996024769608fae3037627508a479dd5f5af771540f5b09206d8,423802,,2026-09-30T15:56:18.499144+00:00,,,"[{""backup_set_id"": ""WU088_V2_CONTENT_PART_UNION"", ""object_id"": ""1KpfvR1QJUcf206bMcK4kpuxhJVNigHci"", ""provider"": ""drive""}, {""backup_set_id"": ""WU088_V2_CONTENT_PART_UNION"", ""object_id"": ""1Dkc4zY1biPnXg0Ocn3YvPi1yQCHOP6px"", ""provider"": ""drive""}, {""backup_set_id"": ""WU088_V2_CONTENT_PART_UNION"", ""object_id"": ""id:BSpOijBcT10AAAAAADw7fw"", ""provider"": ""dropbox""}, {""backup_set_id"": ""WU088_V2_CONTENT_PART_UNION"", ""object_id"": ""id:BSpOijBcT10AAAAAADw7gA"", ""provider"": ""dropbox""}]",0,,1,P10,effective_sources + versioned source/asset evidence; historical tables preserved,0
P11,A Review of Error Estimation in Adaptive Quadrature,paper,Pedro Gonnet,2012,10.1145/2333112.2333117,1003.4629,10.1145/2333112.2333117,ACQUIRED,arxiv_preprint,PREPUBLICATION_SAME_WORK,,,0,"[""https://arxiv.org/pdf/1003.4629"", ""https://export.arxiv.org/pdf/1003.4629""]",,,,,,,63946f35ef2907f30db5402eaf4d5f7da4432039b0882b28cbe84e9ccbe4c863,450642,,2026-09-30T15:56:18.524870+00:00,,,"[{""backup_set_id"": ""WU088_V2_CONTENT_PART_UNION"", ""object_id"": ""1KpfvR1QJUcf206bMcK4kpuxhJVNigHci"", ""provider"": ""drive""}, {""backup_set_id"": ""WU088_V2_CONTENT_PART_UNION"", ""object_id"": ""1Dkc4zY1biPnXg0Ocn3YvPi1yQCHOP6px"", ""provider"": ""drive""}, {""backup_set_id"": ""WU088_V2_CONTENT_PART_UNION"", ""object_id"": ""id:BSpOijBcT10AAAAAADw7fw"", ""provider"": ""dropbox""}, {""backup_set_id"": ""WU088_V2_CONTENT_PART_UNION"", ""object_id"": ""id:BSpOijBcT10AAAAAADw7gA"", ""provider"": ""dropbox""}]",0,,1,P11,effective_sources + versioned source/asset evidence; historical tables preserved,0
S01,Gautschi Varga Crossref bibliographic metadata,documentation_or_metadata,,,,,Gautschi Varga Crossref bibliographic metadata,ACQUIRED,HTML_OR_TEXT_SNAPSHOT,UNRESOLVED,,,0,"[""https://api.crossref.org/works/10.1137/0720087""]",,,,,,,664890542c7edc5d644a3f3f7db2a2f71ce80b467ab0b384346dbf69f726291d,4451,,2026-09-30T16:04:14.456136+00:00,,,"[{""backup_set_id"": ""WU088_V2_CONTENT_PART_UNION"", ""object_id"": ""1KpfvR1QJUcf206bMcK4kpuxhJVNigHci"", ""provider"": ""drive""}, {""backup_set_id"": ""WU088_V2_CONTENT_PART_UNION"", ""object_id"": ""1Dkc4zY1biPnXg0Ocn3YvPi1yQCHOP6px"", ""provider"": ""drive""}, {""backup_set_id"": ""WU088_V2_CONTENT_PART_UNION"", ""object_id"": ""id:BSpOijBcT10AAAAAADw7fw"", ""provider"": ""dropbox""}, {""backup_set_id"": ""WU088_V2_CONTENT_PART_UNION"", ""object_id"": ""id:BSpOijBcT10AAAAAADw7gA"", ""provider"": ""dropbox""}]",0,,,S01,effective_sources + versioned source/asset evidence; historical tables preserved,0
S02,Petras Crossref bibliographic metadata,documentation_or_metadata,,,,,Petras Crossref bibliographic metadata,ACQUIRED,HTML_OR_TEXT_SNAPSHOT,UNRESOLVED,,,0,"[""https://api.crossref.org/works/10.1016/S0377-0427(01)00586-6""]",,,,,,,e1db17a14bfcf51482abe9def7cf163f3952fda9e1dacc04e74d8c05e0441c2a,5295,,2026-09-30T16:04:14.798351+00:00,,,"[{""backup_set_id"": ""WU088_V2_CONTENT_PART_UNION"", ""object_id"": ""1KpfvR1QJUcf206bMcK4kpuxhJVNigHci"", ""provider"": ""drive""}, {""backup_set_id"": ""WU088_V2_CONTENT_PART_UNION"", ""object_id"": ""1Dkc4zY1biPnXg0Ocn3YvPi1yQCHOP6px"", ""provider"": ""drive""}, {""backup_set_id"": ""WU088_V2_CONTENT_PART_UNION"", ""object_id"": ""id:BSpOijBcT10AAAAAADw7fw"", ""provider"": ""dropbox""}, {""backup_set_id"": ""WU088_V2_CONTENT_PART_UNION"", ""object_id"": ""id:BSpOijBcT10AAAAAADw7gA"", ""provider"": ""dropbox""}]",0,,,S02,effective_sources + versioned source/asset evidence; historical tables preserved,0
S03,Gautschi selected works author index,documentation_or_metadata,,,,,Gautschi selected works author index,ACQUIRED,HTML_OR_TEXT_SNAPSHOT,UNRESOLVED,,,0,"[""https://www.cs.purdue.edu/homes/wxg/SelectedWorks""]",,,,,,,1b4f4052e702a2c8588ed9091891831d29efe63f00ea6c1446cfc123ff5e11fb,350,,2026-09-30T16:04:15.171572+00:00,,,"[{""backup_set_id"": ""WU088_V2_CONTENT_PART_UNION"", ""object_id"": ""1KpfvR1QJUcf206bMcK4kpuxhJVNigHci"", ""provider"": ""drive""}, {""backup_set_id"": ""WU088_V2_CONTENT_PART_UNION"", ""object_id"": ""1Dkc4zY1biPnXg0Ocn3YvPi1yQCHOP6px"", ""provider"": ""drive""}, {""backup_set_id"": ""WU088_V2_CONTENT_PART_UNION"", ""object_id"": ""id:BSpOijBcT10AAAAAADw7fw"", ""provider"": ""dropbox""}, {""backup_set_id"": ""WU088_V2_CONTENT_PART_UNION"", ""object_id"": ""id:BSpOijBcT10AAAAAADw7gA"", ""provider"": ""dropbox""}]",0,,,S03,effective_sources + versioned source/asset evidence; historical tables preserved,0
S04,Official FLINT download index,documentation_or_metadata,,,,,Official FLINT download index,ACQUIRED,HTML_OR_TEXT_SNAPSHOT,UNRESOLVED,,,0,"[""https://flintlib.org/downloads.html""]",,,,,,,8f5ccf7ce4a9f9923eec55e9b858d33abce4da4083aecaa711d0ae7fdc07f96f,18141,,2026-09-30T16:04:15.902712+00:00,,,"[{""backup_set_id"": ""WU088_V2_CONTENT_PART_UNION"", ""object_id"": ""1KpfvR1QJUcf206bMcK4kpuxhJVNigHci"", ""provider"": ""drive""}, {""backup_set_id"": ""WU088_V2_CONTENT_PART_UNION"", ""object_id"": ""1Dkc4zY1biPnXg0Ocn3YvPi1yQCHOP6px"", ""provider"": ""drive""}, {""backup_set_id"": ""WU088_V2_CONTENT_PART_UNION"", ""object_id"": ""id:BSpOijBcT10AAAAAADw7fw"", ""provider"": ""dropbox""}, {""backup_set_id"": ""WU088_V2_CONTENT_PART_UNION"", ""object_id"": ""id:BSpOijBcT10AAAAAADw7gA"", ""provider"": ""dropbox""}]",0,,,S04,effective_sources + versioned source/asset evidence; historical tables preserved,0
S05,Rump author software index,documentation_or_metadata,,,,,Rump author software index,ACQUIRED,HTML_OR_TEXT_SNAPSHOT,UNRESOLVED,,,0,"[""https://www.tuhh.de/ti3/rump/""]",,,,,,,5b2487860a420bc2410e0eba4c9a27a0da0d6517ad51445fd1721aa0ad61051d,10020,,2026-09-30T16:04:15.980300+00:00,,,"[{""backup_set_id"": ""WU088_V2_CONTENT_PART_UNION"", ""object_id"": ""1KpfvR1QJUcf206bMcK4kpuxhJVNigHci"", ""provider"": ""drive""}, {""backup_set_id"": ""WU088_V2_CONTENT_PART_UNION"", ""object_id"": ""1Dkc4zY1biPnXg0Ocn3YvPi1yQCHOP6px"", ""provider"": ""drive""}, {""backup_set_id"": ""WU088_V2_CONTENT_PART_UNION"", ""object_id"": ""id:BSpOijBcT10AAAAAADw7fw"", ""provider"": ""dropbox""}, {""backup_set_id"": ""WU088_V2_CONTENT_PART_UNION"", ""object_id"": ""id:BSpOijBcT10AAAAAADw7gA"", ""provider"": ""dropbox""}]",0,,,S05,effective_sources + versioned source/asset evidence; historical tables preserved,0
S06,Taylor Models author site,documentation_or_metadata,,,,,Taylor Models author site,ACQUIRED,HTML_OR_TEXT_SNAPSHOT,UNRESOLVED,,,0,"[""https://www.bmtdynamics.org/index_TaylorModels.htm""]",,,,,,,f8ae8df35b4355af6d4044ea0d82c73d89ce486b12034ad902165c6377dc041f,67470,,2026-09-30T16:04:15.779649+00:00,,,"[{""backup_set_id"": ""WU088_V2_CONTENT_PART_UNION"", ""object_id"": ""1KpfvR1QJUcf206bMcK4kpuxhJVNigHci"", ""provider"": ""drive""}, {""backup_set_id"": ""WU088_V2_CONTENT_PART_UNION"", ""object_id"": ""1Dkc4zY1biPnXg0Ocn3YvPi1yQCHOP6px"", ""provider"": ""drive""}, {""backup_set_id"": ""WU088_V2_CONTENT_PART_UNION"", ""object_id"": ""id:BSpOijBcT10AAAAAADw7fw"", ""provider"": ""dropbox""}, {""backup_set_id"": ""WU088_V2_CONTENT_PART_UNION"", ""object_id"": ""id:BSpOijBcT10AAAAAADw7gA"", ""provider"": ""dropbox""}]",0,,,S06,effective_sources + versioned source/asset evidence; historical tables preserved,0
URL01,Arb - a C library for arbitrary-precision ball arithmetic — Arb 2.23.0 documentation,documentation_or_metadata,,,,,Arb - a C library for arbitrary-precision ball arithmetic — Arb 2.23.0 documentation,ACQUIRED,HTML_OR_TEXT_SNAPSHOT,UNRESOLVED,,,0,"[""https://arblib.org/""]",,,,,,,b224a6003cace9bafefcd0f813f9f9c7c6d34d88051059116af8818dbb7639e3,55594,,2026-09-30T15:56:14.877760+00:00,,,"[{""backup_set_id"": ""WU088_V2_CONTENT_PART_UNION"", ""object_id"": ""1KpfvR1QJUcf206bMcK4kpuxhJVNigHci"", ""provider"": ""drive""}, {""backup_set_id"": ""WU088_V2_CONTENT_PART_UNION"", ""object_id"": ""1Dkc4zY1biPnXg0Ocn3YvPi1yQCHOP6px"", ""provider"": ""drive""}, {""backup_set_id"": ""WU088_V2_CONTENT_PART_UNION"", ""object_id"": ""id:BSpOijBcT10AAAAAADw7fw"", ""provider"": ""dropbox""}, {""backup_set_id"": ""WU088_V2_CONTENT_PART_UNION"", ""object_id"": ""id:BSpOijBcT10AAAAAADw7gA"", ""provider"": ""dropbox""}]",0,,,URL01,effective_sources + versioned source/asset evidence; historical tables preserved,0
URL02,acb_hypgeom.h – hypergeometric functions of complex variables — Arb 2.23.0 documentation,documentation_or_metadata,,,,,acb_hypgeom.h – hypergeometric functions of complex variables — Arb 2.23.0 documentation,ACQUIRED,HTML_OR_TEXT_SNAPSHOT,UNRESOLVED,,,0,"[""https://arblib.org/acb_hypgeom.html""]",,,,,,,8a79e6d324dfae1cd641aa36be4f1287daa6bb76147193d32ab3be7b1c1eca24,319718,,2026-09-30T15:56:15.155945+00:00,,,"[{""backup_set_id"": ""WU088_V2_CONTENT_PART_UNION"", ""object_id"": ""1KpfvR1QJUcf206bMcK4kpuxhJVNigHci"", ""provider"": ""drive""}, {""backup_set_id"": ""WU088_V2_CONTENT_PART_UNION"", ""object_id"": ""1Dkc4zY1biPnXg0Ocn3YvPi1yQCHOP6px"", ""provider"": ""drive""}, {""backup_set_id"": ""WU088_V2_CONTENT_PART_UNION"", ""object_id"": ""id:BSpOijBcT10AAAAAADw7fw"", ""provider"": ""dropbox""}, {""backup_set_id"": ""WU088_V2_CONTENT_PART_UNION"", ""object_id"": ""id:BSpOijBcT10AAAAAADw7gA"", ""provider"": ""dropbox""}]",0,,,URL02,effective_sources + versioned source/asset evidence; historical tables preserved,0
URL03,[1611.02831] Arb: Efficient Arbitrary-Precision Midpoint-Radius Interval Arithmetic,documentation_or_metadata,,,,,[1611.02831] Arb: Efficient Arbitrary-Precision Midpoint-Radius Interval Arithmetic,ACQUIRED,HTML_OR_TEXT_SNAPSHOT,UNRESOLVED,,,0,"[""https://arxiv.org/abs/1611.02831""]",,,,,,,85665b3971f167db3fce75857d1109c77dfc43f0455c92ebc9af4727403e5213,40085,,2026-09-30T15:56:14.251423+00:00,,,"[{""backup_set_id"": ""WU088_V2_CONTENT_PART_UNION"", ""object_id"": ""1KpfvR1QJUcf206bMcK4kpuxhJVNigHci"", ""provider"": ""drive""}, {""backup_set_id"": ""WU088_V2_CONTENT_PART_UNION"", ""object_id"": ""1Dkc4zY1biPnXg0Ocn3YvPi1yQCHOP6px"", ""provider"": ""drive""}, {""backup_set_id"": ""WU088_V2_CONTENT_PART_UNION"", ""object_id"": ""id:BSpOijBcT10AAAAAADw7fw"", ""provider"": ""dropbox""}, {""backup_set_id"": ""WU088_V2_CONTENT_PART_UNION"", ""object_id"": ""id:BSpOijBcT10AAAAAADw7gA"", ""provider"": ""dropbox""}]",0,,,URL03,effective_sources + versioned source/asset evidence; historical tables preserved,0
URL04,[1802.07942] Numerical integration in arbitrary-precision ball arithmetic,documentation_or_metadata,,,,,[1802.07942] Numerical integration in arbitrary-precision ball arithmetic,ACQUIRED,HTML_OR_TEXT_SNAPSHOT,UNRESOLVED,,,0,"[""https://arxiv.org/abs/1802.07942""]",,,,,,,18b8d9ad307e611067abd7c34bf7e5ea7b76a977c0bab65328a7320f17e1fe63,39532,,2026-09-30T15:56:14.246604+00:00,,,"[{""backup_set_id"": ""WU088_V2_CONTENT_PART_UNION"", ""object_id"": ""1KpfvR1QJUcf206bMcK4kpuxhJVNigHci"", ""provider"": ""drive""}, {""backup_set_id"": ""WU088_V2_CONTENT_PART_UNION"", ""object_id"": ""1Dkc4zY1biPnXg0Ocn3YvPi1yQCHOP6px"", ""provider"": ""drive""}, {""backup_set_id"": ""WU088_V2_CONTENT_PART_UNION"", ""object_id"": ""id:BSpOijBcT10AAAAAADw7fw"", ""provider"": ""dropbox""}, {""backup_set_id"": ""WU088_V2_CONTENT_PART_UNION"", ""object_id"": ""id:BSpOijBcT10AAAAAADw7gA"", ""provider"": ""dropbox""}]",0,,,URL04,effective_sources + versioned source/asset evidence; historical tables preserved,0
URL05,On the Petras algorithm for verified integration of piecewise analytic functions,documentation_or_metadata,,,,,On the Petras algorithm for verified integration of piecewise analytic functions,ACQUIRED,HTML_OR_TEXT_SNAPSHOT,UNRESOLVED,,,0,"[""https://arxiv.org/html/1603.03945v1""]",,,,,,,3c300e8066b4a8494a6834f084d63fd4fb076270231a208f5529ba817bd052f6,752669,,2026-09-30T15:56:14.366179+00:00,,,"[{""backup_set_id"": ""WU088_V2_CONTENT_PART_UNION"", ""object_id"": ""1KpfvR1QJUcf206bMcK4kpuxhJVNigHci"", ""provider"": ""drive""}, {""backup_set_id"": ""WU088_V2_CONTENT_PART_UNION"", ""object_id"": ""1Dkc4zY1biPnXg0Ocn3YvPi1yQCHOP6px"", ""provider"": ""drive""}, {""backup_set_id"": ""WU088_V2_CONTENT_PART_UNION"", ""object_id"": ""id:BSpOijBcT10AAAAAADw7fw"", ""provider"": ""dropbox""}, {""backup_set_id"": ""WU088_V2_CONTENT_PART_UNION"", ""object_id"": ""id:BSpOijBcT10AAAAAADw7gA"", ""provider"": ""dropbox""}]",0,,,URL05,effective_sources + versioned source/asset evidence; historical tables preserved,0
URL06,DLMF: §18.5 Explicit Representations ‣ Classical Orthogonal Polynomials ‣ Chapter 18 Orthogonal Polynomials,documentation_or_metadata,,,,,DLMF: §18.5 Explicit Representations ‣ Classical Orthogonal Polynomials ‣ Chapter 18 Orthogonal Polynomials,ACQUIRED,HTML_OR_TEXT_SNAPSHOT,UNRESOLVED,,,0,"[""https://dlmf.nist.gov/18.5""]",,,,,,,85db324799e11cac3efe125ca81b0cf689e62517a646e2703104c4f6a341ed80,385438,,2026-09-30T15:56:14.681168+00:00,,,"[{""backup_set_id"": ""WU088_V2_CONTENT_PART_UNION"", ""object_id"": ""1KpfvR1QJUcf206bMcK4kpuxhJVNigHci"", ""provider"": ""drive""}, {""backup_set_id"": ""WU088_V2_CONTENT_PART_UNION"", ""object_id"": ""1Dkc4zY1biPnXg0Ocn3YvPi1yQCHOP6px"", ""provider"": ""drive""}, {""backup_set_id"": ""WU088_V2_CONTENT_PART_UNION"", ""object_id"": ""id:BSpOijBcT10AAAAAADw7fw"", ""provider"": ""dropbox""}, {""backup_set_id"": ""WU088_V2_CONTENT_PART_UNION"", ""object_id"": ""id:BSpOijBcT10AAAAAADw7gA"", ""provider"": ""dropbox""}]",0,,,URL06,effective_sources + versioned source/asset evidence; historical tables preserved,0
URL07,DLMF: §8.10 Inequalities ‣ Incomplete Gamma Functions ‣ Chapter 8 Incomplete Gamma and Related Functions,documentation_or_metadata,,,,,DLMF: §8.10 Inequalities ‣ Incomplete Gamma Functions ‣ Chapter 8 Incomplete Gamma and Related Functions,ACQUIRED,HTML_OR_TEXT_SNAPSHOT,UNRESOLVED,,,0,"[""https://dlmf.nist.gov/8.10""]",,,,,,,e2840623169b9decb21c04c72d004e8c385c22f40cf16685dbf2addf77c05581,102979,,2026-09-30T15:56:14.686922+00:00,,,"[{""backup_set_id"": ""WU088_V2_CONTENT_PART_UNION"", ""object_id"": ""1KpfvR1QJUcf206bMcK4kpuxhJVNigHci"", ""provider"": ""drive""}, {""backup_set_id"": ""WU088_V2_CONTENT_PART_UNION"", ""object_id"": ""1Dkc4zY1biPnXg0Ocn3YvPi1yQCHOP6px"", ""provider"": ""drive""}, {""backup_set_id"": ""WU088_V2_CONTENT_PART_UNION"", ""object_id"": ""id:BSpOijBcT10AAAAAADw7fw"", ""provider"": ""dropbox""}, {""backup_set_id"": ""WU088_V2_CONTENT_PART_UNION"", ""object_id"": ""id:BSpOijBcT10AAAAAADw7gA"", ""provider"": ""dropbox""}]",0,,,URL07,effective_sources + versioned source/asset evidence; historical tables preserved,0
URL08,DLMF: §8.11 Asymptotic Approximations and Expansions ‣ Incomplete Gamma Functions ‣ Chapter 8 Incomplete Gamma and Related Functions,documentation_or_metadata,,,,,DLMF: §8.11 Asymptotic Approximations and Expansions ‣ Incomplete Gamma Functions ‣ Chapter 8 Incomplete Gamma and Related Functions,ACQUIRED,HTML_OR_TEXT_SNAPSHOT,UNRESOLVED,,,0,"[""https://dlmf.nist.gov/8.11""]",,,,,,,3a44812a18a6e89ded72c16789fd6588e7a5ec77d0205b483559afbc5d552a82,210720,,2026-09-30T15:56:14.762044+00:00,,,"[{""backup_set_id"": ""WU088_V2_CONTENT_PART_UNION"", ""object_id"": ""1KpfvR1QJUcf206bMcK4kpuxhJVNigHci"", ""provider"": ""drive""}, {""backup_set_id"": ""WU088_V2_CONTENT_PART_UNION"", ""object_id"": ""1Dkc4zY1biPnXg0Ocn3YvPi1yQCHOP6px"", ""provider"": ""drive""}, {""backup_set_id"": ""WU088_V2_CONTENT_PART_UNION"", ""object_id"": ""id:BSpOijBcT10AAAAAADw7fw"", ""provider"": ""dropbox""}, {""backup_set_id"": ""WU088_V2_CONTENT_PART_UNION"", ""object_id"": ""id:BSpOijBcT10AAAAAADw7gA"", ""provider"": ""dropbox""}]",0,,,URL08,effective_sources + versioned source/asset evidence; historical tables preserved,0
URL09,DLMF: §8.2 Definitions and Basic Properties ‣ Incomplete Gamma Functions ‣ Chapter 8 Incomplete Gamma and Related Functions,documentation_or_metadata,,,,,DLMF: §8.2 Definitions and Basic Properties ‣ Incomplete Gamma Functions ‣ Chapter 8 Incomplete Gamma and Related Functions,ACQUIRED,HTML_OR_TEXT_SNAPSHOT,UNRESOLVED,,,0,"[""https://dlmf.nist.gov/8.2""]",,,,,,,e487982b464d0116fb0dc789b81c1fc8c73ae013d11ab139355f6008c72953bb,133125,,2026-09-30T15:56:14.899719+00:00,,,"[{""backup_set_id"": ""WU088_V2_CONTENT_PART_UNION"", ""object_id"": ""1KpfvR1QJUcf206bMcK4kpuxhJVNigHci"", ""provider"": ""drive""}, {""backup_set_id"": ""WU088_V2_CONTENT_PART_UNION"", ""object_id"": ""1Dkc4zY1biPnXg0Ocn3YvPi1yQCHOP6px"", ""provider"": ""drive""}, {""backup_set_id"": ""WU088_V2_CONTENT_PART_UNION"", ""object_id"": ""id:BSpOijBcT10AAAAAADw7fw"", ""provider"": ""dropbox""}, {""backup_set_id"": ""WU088_V2_CONTENT_PART_UNION"", ""object_id"": ""id:BSpOijBcT10AAAAAADw7gA"", ""provider"": ""dropbox""}]",0,,,URL09,effective_sources + versioned source/asset evidence; historical tables preserved,0
URL10,Original report citation URL,documentation_or_metadata,,,,,Original report citation URL,ACQUIRED_EQUIVALENT_CONTENT_REFERENCE,institutional_repository,RELATED_CITATION_RESOLVED_TO_SAME_WORK,,,0,"[""https://epubs.siam.org/doi/10.1137/030601818"", ""https://www.tuhh.de/ti3/paper/rump/OgRuOi05.pdf""]",,,,,,,56e897ffce0a843ea531769d50b8466241ae4f01094b0ddf83d8fff74255cfcc,373558,,2026-09-30T15:56:18.923092+00:00,,Exact cited URL snapshot remains unavailable; full-text equivalent is linked without redownload.,"[{""backup_set_id"": ""WU088_V2_CONTENT_PART_UNION"", ""object_id"": ""1KpfvR1QJUcf206bMcK4kpuxhJVNigHci"", ""provider"": ""drive""}, {""backup_set_id"": ""WU088_V2_CONTENT_PART_UNION"", ""object_id"": ""1Dkc4zY1biPnXg0Ocn3YvPi1yQCHOP6px"", ""provider"": ""drive""}, {""backup_set_id"": ""WU088_V2_CONTENT_PART_UNION"", ""object_id"": ""id:BSpOijBcT10AAAAAADw7fw"", ""provider"": ""dropbox""}, {""backup_set_id"": ""WU088_V2_CONTENT_PART_UNION"", ""object_id"": ""id:BSpOijBcT10AAAAAADw7gA"", ""provider"": ""dropbox""}]",0,,,URL10-R2,effective_sources + versioned source/asset evidence; historical tables preserved,0
URL11,Original report citation URL,documentation_or_metadata,,,,,Original report citation URL,ACQUIRED_EQUIVALENT_CONTENT_REFERENCE,institutional_repository,RELATED_CITATION_RESOLVED_TO_SAME_WORK,,,0,"[""https://epubs.siam.org/doi/10.1137/0720087"", ""https://www.cs.purdue.edu/homes/wxg/selected_works/section_08/085.pdf""]",,,,,,,f1d9fc7bce7dae921bd0ee205bc4bed277975a8e5a9c4dd7e61e31f71e61f87f,1492491,,2026-09-30T21:55:13.527979+00:00,,Exact cited URL snapshot remains unavailable; full-text equivalent is linked without redownload.,"[{""backup_set_id"": ""WU088_V2_CONTENT_PART_UNION"", ""object_id"": ""1KpfvR1QJUcf206bMcK4kpuxhJVNigHci"", ""provider"": ""drive""}, {""backup_set_id"": ""WU088_V2_CONTENT_PART_UNION"", ""object_id"": ""1Dkc4zY1biPnXg0Ocn3YvPi1yQCHOP6px"", ""provider"": ""drive""}, {""backup_set_id"": ""WU088_V2_CONTENT_PART_UNION"", ""object_id"": ""id:BSpOijBcT10AAAAAADw7fw"", ""provider"": ""dropbox""}, {""backup_set_id"": ""WU088_V2_CONTENT_PART_UNION"", ""object_id"": ""id:BSpOijBcT10AAAAAADw7gA"", ""provider"": ""dropbox""}]",0,,,URL11-R2,effective_sources + versioned source/asset evidence; historical tables preserved,0
URL12,FLINT: Fast Library for Number Theory — FLINT 3.7.0-dev documentation,documentation_or_metadata,,,,,FLINT: Fast Library for Number Theory — FLINT 3.7.0-dev documentation,ACQUIRED,HTML_OR_TEXT_SNAPSHOT,UNRESOLVED,,,0,"[""https://flintlib.org/doc/""]",,,,,,,80efb5ab2a94172ada3beba7f0f4ad35a66debc8f528eb06d35ef365287b970c,35753,,2026-09-30T15:56:15.785967+00:00,,,"[{""backup_set_id"": ""WU088_V2_CONTENT_PART_UNION"", ""object_id"": ""1KpfvR1QJUcf206bMcK4kpuxhJVNigHci"", ""provider"": ""drive""}, {""backup_set_id"": ""WU088_V2_CONTENT_PART_UNION"", ""object_id"": ""1Dkc4zY1biPnXg0Ocn3YvPi1yQCHOP6px"", ""provider"": ""drive""}, {""backup_set_id"": ""WU088_V2_CONTENT_PART_UNION"", ""object_id"": ""id:BSpOijBcT10AAAAAADw7fw"", ""provider"": ""dropbox""}, {""backup_set_id"": ""WU088_V2_CONTENT_PART_UNION"", ""object_id"": ""id:BSpOijBcT10AAAAAADw7gA"", ""provider"": ""dropbox""}]",0,,,URL12,effective_sources + versioned source/asset evidence; historical tables preserved,0
URL13,acb_calc.h – calculus with complex-valued functions — FLINT 3.7.0-dev documentation,documentation_or_metadata,,,,,acb_calc.h – calculus with complex-valued functions — FLINT 3.7.0-dev documentation,ACQUIRED,HTML_OR_TEXT_SNAPSHOT,UNRESOLVED,,,0,"[""https://flintlib.org/doc/acb_calc.html""]",,,,,,,1769b2a99ba02e2d145c08146debae2fdb7ac038d79d02e71b514e9c2331b0b3,45426,,2026-09-30T15:56:15.869641+00:00,,,"[{""backup_set_id"": ""WU088_V2_CONTENT_PART_UNION"", ""object_id"": ""1KpfvR1QJUcf206bMcK4kpuxhJVNigHci"", ""provider"": ""drive""}, {""backup_set_id"": ""WU088_V2_CONTENT_PART_UNION"", ""object_id"": ""1Dkc4zY1biPnXg0Ocn3YvPi1yQCHOP6px"", ""provider"": ""drive""}, {""backup_set_id"": ""WU088_V2_CONTENT_PART_UNION"", ""object_id"": ""id:BSpOijBcT10AAAAAADw7fw"", ""provider"": ""dropbox""}, {""backup_set_id"": ""WU088_V2_CONTENT_PART_UNION"", ""object_id"": ""id:BSpOijBcT10AAAAAADw7gA"", ""provider"": ""dropbox""}]",0,,,URL13,effective_sources + versioned source/asset evidence; historical tables preserved,0
URL14,GitHub - CAPDGroup/CAPD: CAPD library · GitHub,documentation_or_metadata,,,,,GitHub - CAPDGroup/CAPD: CAPD library · GitHub,ACQUIRED,HTML_OR_TEXT_SNAPSHOT,UNRESOLVED,,,0,"[""https://github.com/CAPDGroup/CAPD""]",,,,,,,cc3e039c0d8fa43fe09bd959f11c34cb2999dd7bf8f3c2de66ae462d4d2ea1a5,276111,,2026-09-30T15:56:15.432421+00:00,,,"[{""backup_set_id"": ""WU088_V2_CONTENT_PART_UNION"", ""object_id"": ""1KpfvR1QJUcf206bMcK4kpuxhJVNigHci"", ""provider"": ""drive""}, {""backup_set_id"": ""WU088_V2_CONTENT_PART_UNION"", ""object_id"": ""1Dkc4zY1biPnXg0Ocn3YvPi1yQCHOP6px"", ""provider"": ""drive""}, {""backup_set_id"": ""WU088_V2_CONTENT_PART_UNION"", ""object_id"": ""id:BSpOijBcT10AAAAAADw7fw"", ""provider"": ""dropbox""}, {""backup_set_id"": ""WU088_V2_CONTENT_PART_UNION"", ""object_id"": ""id:BSpOijBcT10AAAAAADw7gA"", ""provider"": ""dropbox""}]",0,,,URL14,effective_sources + versioned source/asset evidence; historical tables preserved,0
URL15,GitHub - flintlib/arb: Arb has been merged into FLINT -- use https://github.com/flintlib/flint/ instead · GitHub,documentation_or_metadata,,,,,GitHub - flintlib/arb: Arb has been merged into FLINT -- use https://github.com/flintlib/flint/ instead · GitHub,ACQUIRED,HTML_OR_TEXT_SNAPSHOT,UNRESOLVED,,,0,"[""https://github.com/flintlib/arb""]",,,,,,,c25c13fc20a9ad2b4bca105d92e44f64fcee68a26553e93ac06b14ad7a74e1f3,433184,,2026-09-30T15:56:15.691744+00:00,,,"[{""backup_set_id"": ""WU088_V2_CONTENT_PART_UNION"", ""object_id"": ""1KpfvR1QJUcf206bMcK4kpuxhJVNigHci"", ""provider"": ""drive""}, {""backup_set_id"": ""WU088_V2_CONTENT_PART_UNION"", ""object_id"": ""1Dkc4zY1biPnXg0Ocn3YvPi1yQCHOP6px"", ""provider"": ""drive""}, {""backup_set_id"": ""WU088_V2_CONTENT_PART_UNION"", ""object_id"": ""id:BSpOijBcT10AAAAAADw7fw"", ""provider"": ""dropbox""}, {""backup_set_id"": ""WU088_V2_CONTENT_PART_UNION"", ""object_id"": ""id:BSpOijBcT10AAAAAADw7gA"", ""provider"": ""dropbox""}]",0,,,URL15,effective_sources + versioned source/asset evidence; historical tables preserved,0
URL16,Releases · flintlib/flint · GitHub,documentation_or_metadata,,,,,Releases · flintlib/flint · GitHub,ACQUIRED,HTML_OR_TEXT_SNAPSHOT,UNRESOLVED,,,0,"[""https://github.com/flintlib/flint/releases""]",,,,,,,2c993413fefd859116cfbc1924c8f036d633e4be4b81b2833479df0095a4afe8,402051,,2026-09-30T15:56:15.953960+00:00,,,"[{""backup_set_id"": ""WU088_V2_CONTENT_PART_UNION"", ""object_id"": ""1KpfvR1QJUcf206bMcK4kpuxhJVNigHci"", ""provider"": ""drive""}, {""backup_set_id"": ""WU088_V2_CONTENT_PART_UNION"", ""object_id"": ""1Dkc4zY1biPnXg0Ocn3YvPi1yQCHOP6px"", ""provider"": ""drive""}, {""backup_set_id"": ""WU088_V2_CONTENT_PART_UNION"", ""object_id"": ""id:BSpOijBcT10AAAAAADw7fw"", ""provider"": ""dropbox""}, {""backup_set_id"": ""WU088_V2_CONTENT_PART_UNION"", ""object_id"": ""id:BSpOijBcT10AAAAAADw7gA"", ""provider"": ""dropbox""}]",0,,,URL16,effective_sources + versioned source/asset evidence; historical tables preserved,0
URL17,"Verified bounds for singular values, in particular for the spectral norm of a matrix and its inverse | BIT Numerical Mathematics | Springer Nature Link",documentation_or_metadata,,,,,"Verified bounds for singular values, in particular for the spectral norm of a matrix and its inverse | BIT Numerical Mathematics | Springer Nature Link",ACQUIRED,HTML_OR_TEXT_SNAPSHOT,UNRESOLVED,,,0,"[""https://link.springer.com/article/10.1007/s10543-010-0294-0""]",,,,,,,1ed33554edfad2216ad7f86b22d72afdfd324c1bd0e1b8f015fa4fee0d85f9e0,263900,,2026-09-30T15:56:17.056376+00:00,,,"[{""backup_set_id"": ""WU088_V2_CONTENT_PART_UNION"", ""object_id"": ""1KpfvR1QJUcf206bMcK4kpuxhJVNigHci"", ""provider"": ""drive""}, {""backup_set_id"": ""WU088_V2_CONTENT_PART_UNION"", ""object_id"": ""1Dkc4zY1biPnXg0Ocn3YvPi1yQCHOP6px"", ""provider"": ""drive""}, {""backup_set_id"": ""WU088_V2_CONTENT_PART_UNION"", ""object_id"": ""id:BSpOijBcT10AAAAAADw7fw"", ""provider"": ""dropbox""}, {""backup_set_id"": ""WU088_V2_CONTENT_PART_UNION"", ""object_id"": ""id:BSpOijBcT10AAAAAADw7gA"", ""provider"": ""dropbox""}]",0,,,URL17,effective_sources + versioned source/asset evidence; historical tables preserved,0
URL18,numpy.lib.format — NumPy v2.5 Manual,documentation_or_metadata,,,,,numpy.lib.format — NumPy v2.5 Manual,ACQUIRED,HTML_OR_TEXT_SNAPSHOT,UNRESOLVED,,,0,"[""https://numpy.org/doc/stable/reference/generated/numpy.lib.format.html""]",,,,,,,574b1779396fb4ac2571da4005f636b3ecdcda991ed6b107108bb20aad9199af,45494,,2026-09-30T15:56:15.976648+00:00,,,"[{""backup_set_id"": ""WU088_V2_CONTENT_PART_UNION"", ""object_id"": ""1KpfvR1QJUcf206bMcK4kpuxhJVNigHci"", ""provider"": ""drive""}, {""backup_set_id"": ""WU088_V2_CONTENT_PART_UNION"", ""object_id"": ""1Dkc4zY1biPnXg0Ocn3YvPi1yQCHOP6px"", ""provider"": ""drive""}, {""backup_set_id"": ""WU088_V2_CONTENT_PART_UNION"", ""object_id"": ""id:BSpOijBcT10AAAAAADw7fw"", ""provider"": ""dropbox""}, {""backup_set_id"": ""WU088_V2_CONTENT_PART_UNION"", ""object_id"": ""id:BSpOijBcT10AAAAAADw7gA"", ""provider"": ""dropbox""}]",0,,,URL18,effective_sources + versioned source/asset evidence; historical tables preserved,0
URL19,Data types — NumPy v2.5 Manual,documentation_or_metadata,,,,,Data types — NumPy v2.5 Manual,ACQUIRED,HTML_OR_TEXT_SNAPSHOT,UNRESOLVED,,,0,"[""https://numpy.org/doc/stable/user/basics.types.html""]",,,,,,,19461a34955c19bbfa484f7cc0b323db8ff6cdf20e5bf497dafa8db673b1eb36,74598,,2026-09-30T15:56:15.959862+00:00,,,"[{""backup_set_id"": ""WU088_V2_CONTENT_PART_UNION"", ""object_id"": ""1KpfvR1QJUcf206bMcK4kpuxhJVNigHci"", ""provider"": ""drive""}, {""backup_set_id"": ""WU088_V2_CONTENT_PART_UNION"", ""object_id"": ""1Dkc4zY1biPnXg0Ocn3YvPi1yQCHOP6px"", ""provider"": ""drive""}, {""backup_set_id"": ""WU088_V2_CONTENT_PART_UNION"", ""object_id"": ""id:BSpOijBcT10AAAAAADw7fw"", ""provider"": ""dropbox""}, {""backup_set_id"": ""WU088_V2_CONTENT_PART_UNION"", ""object_id"": ""id:BSpOijBcT10AAAAAADw7gA"", ""provider"": ""dropbox""}]",0,,,URL19,effective_sources + versioned source/asset evidence; historical tables preserved,0
URL20,Nathalie Revol's home page: Software,documentation_or_metadata,,,,,Nathalie Revol's home page: Software,ACQUIRED,HTML_OR_TEXT_SNAPSHOT,UNRESOLVED,,,0,"[""https://perso.ens-lyon.fr/nathalie.revol/software.html""]",,,,,,,04f460500fc64ac1f826fd73b936958d2915e3dc7b83b9109a0bb3092b7f068c,10298,,2026-09-30T15:56:16.449649+00:00,,,"[{""backup_set_id"": ""WU088_V2_CONTENT_PART_UNION"", ""object_id"": ""1KpfvR1QJUcf206bMcK4kpuxhJVNigHci"", ""provider"": ""drive""}, {""backup_set_id"": ""WU088_V2_CONTENT_PART_UNION"", ""object_id"": ""1Dkc4zY1biPnXg0Ocn3YvPi1yQCHOP6px"", ""provider"": ""drive""}, {""backup_set_id"": ""WU088_V2_CONTENT_PART_UNION"", ""object_id"": ""id:BSpOijBcT10AAAAAADw7fw"", ""provider"": ""dropbox""}, {""backup_set_id"": ""WU088_V2_CONTENT_PART_UNION"", ""object_id"": ""id:BSpOijBcT10AAAAAADw7gA"", ""provider"": ""dropbox""}]",0,,,URL20,effective_sources + versioned source/asset evidence; historical tables preserved,0
URL21,How accurate is Richardson's error estimate?,documentation_or_metadata,,,,,How accurate is Richardson's error estimate?,ACQUIRED,HTML_OR_TEXT_SNAPSHOT,UNRESOLVED,,,0,"[""https://umu.diva-portal.org/smash/record.jsf?language=sv&pid=diva2%3A2014645""]",,,,,,,fec5cad6cf3691420ee574f8cb3783ff3b02939a62ba424cb9a79d03dc0b10c9,80380,,2026-09-30T15:56:18.479229+00:00,,,"[{""backup_set_id"": ""WU088_V2_CONTENT_PART_UNION"", ""object_id"": ""1KpfvR1QJUcf206bMcK4kpuxhJVNigHci"", ""provider"": ""drive""}, {""backup_set_id"": ""WU088_V2_CONTENT_PART_UNION"", ""object_id"": ""1Dkc4zY1biPnXg0Ocn3YvPi1yQCHOP6px"", ""provider"": ""drive""}, {""backup_set_id"": ""WU088_V2_CONTENT_PART_UNION"", ""object_id"": ""id:BSpOijBcT10AAAAAADw7fw"", ""provider"": ""dropbox""}, {""backup_set_id"": ""WU088_V2_CONTENT_PART_UNION"", ""object_id"": ""id:BSpOijBcT10AAAAAADw7gA"", ""provider"": ""dropbox""}]",0,,,URL21,effective_sources + versioned source/asset evidence; historical tables preserved,0
URL22,GNU MPFR version 4.2.2,documentation_or_metadata,,,,,GNU MPFR version 4.2.2,ACQUIRED,HTML_OR_TEXT_SNAPSHOT,UNRESOLVED,,,0,"[""https://www.mpfr.org/mpfr-current/""]",,,,,,,2bf0316537972ba065f01c1f65c947011ae59e38cb77868469ffd9b6b1bf9bf2,7752,,2026-09-30T15:56:17.526087+00:00,,,"[{""backup_set_id"": ""WU088_V2_CONTENT_PART_UNION"", ""object_id"": ""1KpfvR1QJUcf206bMcK4kpuxhJVNigHci"", ""provider"": ""drive""}, {""backup_set_id"": ""WU088_V2_CONTENT_PART_UNION"", ""object_id"": ""1Dkc4zY1biPnXg0Ocn3YvPi1yQCHOP6px"", ""provider"": ""drive""}, {""backup_set_id"": ""WU088_V2_CONTENT_PART_UNION"", ""object_id"": ""id:BSpOijBcT10AAAAAADw7fw"", ""provider"": ""dropbox""}, {""backup_set_id"": ""WU088_V2_CONTENT_PART_UNION"", ""object_id"": ""id:BSpOijBcT10AAAAAADw7gA"", ""provider"": ""dropbox""}]",0,,,URL22,effective_sources + versioned source/asset evidence; historical tables preserved,0
URL23,GNU MPFR 4.2.2,documentation_or_metadata,,,,,GNU MPFR 4.2.2,ACQUIRED,HTML_OR_TEXT_SNAPSHOT,UNRESOLVED,,,0,"[""https://www.mpfr.org/mpfr-current/mpfr.html""]",,,,,,,ee996f3dcc11d1f88393da162bdd90c3fa29191ca658c0fc594ffd38a22638bc,562991,,2026-09-30T15:56:18.094559+00:00,,,"[{""backup_set_id"": ""WU088_V2_CONTENT_PART_UNION"", ""object_id"": ""1KpfvR1QJUcf206bMcK4kpuxhJVNigHci"", ""provider"": ""drive""}, {""backup_set_id"": ""WU088_V2_CONTENT_PART_UNION"", ""object_id"": ""1Dkc4zY1biPnXg0Ocn3YvPi1yQCHOP6px"", ""provider"": ""drive""}, {""backup_set_id"": ""WU088_V2_CONTENT_PART_UNION"", ""object_id"": ""id:BSpOijBcT10AAAAAADw7fw"", ""provider"": ""dropbox""}, {""backup_set_id"": ""WU088_V2_CONTENT_PART_UNION"", ""object_id"": ""id:BSpOijBcT10AAAAAADw7gA"", ""provider"": ""dropbox""}]",0,,,URL23,effective_sources + versioned source/asset evidence; historical tables preserved,0
URL24,Original report citation URL,documentation_or_metadata,,,,,Original report citation URL,ACQUIRED_EQUIVALENT_CONTENT_REFERENCE,existing_full_text,RELATED_CITATION_RESOLVED_TO_SAME_WORK,,,0,"[""https://www.researchgate.net/profile/Martin-Berz/publication/247699712_Taylor_models_and_other_validated_functional_inclusion_methods/links/02e7e5373627045452000000/Taylor-models-and-other-validated-functional-inclusion-methods.pdf"", ""https://www.ijpam.eu/contents/2003-4-4/2/2.pdf""]",,,,,,,883a4168b77e8c49ea2f2c1241d1177afea92a4c529bd6cc730105078e094ccd,612672,,2026-09-30T16:04:15.681076+00:00,,Exact cited URL snapshot remains unavailable; full-text equivalent is linked without redownload.,"[{""backup_set_id"": ""WU088_V2_CONTENT_PART_UNION"", ""object_id"": ""1KpfvR1QJUcf206bMcK4kpuxhJVNigHci"", ""provider"": ""drive""}, {""backup_set_id"": ""WU088_V2_CONTENT_PART_UNION"", ""object_id"": ""1Dkc4zY1biPnXg0Ocn3YvPi1yQCHOP6px"", ""provider"": ""drive""}, {""backup_set_id"": ""WU088_V2_CONTENT_PART_UNION"", ""object_id"": ""id:BSpOijBcT10AAAAAADw7fw"", ""provider"": ""dropbox""}, {""backup_set_id"": ""WU088_V2_CONTENT_PART_UNION"", ""object_id"": ""id:BSpOijBcT10AAAAAADw7gA"", ""provider"": ""dropbox""}]",0,,,URL24-R2,effective_sources + versioned source/asset evidence; historical tables preserved,0
URL25,Original report citation URL,documentation_or_metadata,,,,,Original report citation URL,ACQUIRED_EQUIVALENT_CONTENT_REFERENCE,institutional_repository,RELATED_CITATION_RESOLVED_TO_SAME_WORK,,,0,"[""https://www.researchgate.net/publication/397482071_How_Accurate_is_Richardson%27s_Error_Estimate"", ""https://umu.diva-portal.org/smash/get/diva2:2014645/FULLTEXT01.pdf""]",,,,,,,0f7eda92047e263cd7d9e83ba8c828ad0a6586dac2f4418e0ddc6de2f519161f,1020382,,2026-09-30T15:56:22.650198+00:00,,Exact cited URL snapshot remains unavailable; full-text equivalent is linked without redownload.,"[{""backup_set_id"": ""WU088_V2_CONTENT_PART_UNION"", ""object_id"": ""1KpfvR1QJUcf206bMcK4kpuxhJVNigHci"", ""provider"": ""drive""}, {""backup_set_id"": ""WU088_V2_CONTENT_PART_UNION"", ""object_id"": ""1Dkc4zY1biPnXg0Ocn3YvPi1yQCHOP6px"", ""provider"": ""drive""}, {""backup_set_id"": ""WU088_V2_CONTENT_PART_UNION"", ""object_id"": ""id:BSpOijBcT10AAAAAADw7fw"", ""provider"": ""dropbox""}, {""backup_set_id"": ""WU088_V2_CONTENT_PART_UNION"", ""object_id"": ""id:BSpOijBcT10AAAAAADw7gA"", ""provider"": ""dropbox""}]",0,,,URL25-R2,effective_sources + versioned source/asset evidence; historical tables preserved,0
URL26,Original report citation URL,documentation_or_metadata,,,,,Original report citation URL,ACQUIRED_EQUIVALENT_CONTENT_REFERENCE,author_manuscript,RELATED_CITATION_RESOLVED_TO_SAME_WORK,,,0,"[""https://www.sciencedirect.com/science/article/pii/S0377042701005866"", ""https://www2.math.uni-wuppertal.de/wrswt/xsc/pascal-xsc/software/petras/vipaf.ps""]",,,,,,,f641dd79087919f6e1d7fe9823154ef83e754a789bcc223cf9a5159a227661ac,238197,,2026-09-30T21:55:13.242964+00:00,,Exact cited URL snapshot remains unavailable; full-text equivalent is linked without redownload.,"[{""backup_set_id"": ""WU088_V2_CONTENT_PART_UNION"", ""object_id"": ""1KpfvR1QJUcf206bMcK4kpuxhJVNigHci"", ""provider"": ""drive""}, {""backup_set_id"": ""WU088_V2_CONTENT_PART_UNION"", ""object_id"": ""1Dkc4zY1biPnXg0Ocn3YvPi1yQCHOP6px"", ""provider"": ""drive""}, {""backup_set_id"": ""WU088_V2_CONTENT_PART_UNION"", ""object_id"": ""id:BSpOijBcT10AAAAAADw7fw"", ""provider"": ""dropbox""}, {""backup_set_id"": ""WU088_V2_CONTENT_PART_UNION"", ""object_id"": ""id:BSpOijBcT10AAAAAADw7gA"", ""provider"": ""dropbox""}]",0,,,URL26-R2,effective_sources + versioned source/asset evidence; historical tables preserved,0
URL27,INTLAB - INTerval LABoratory,documentation_or_metadata,,,,,INTLAB - INTerval LABoratory,ACQUIRED,HTML_OR_TEXT_SNAPSHOT,UNRESOLVED,,,0,"[""https://www.tuhh.de/ti3/rump/intlab/""]",,,,,,,30e66f51edefc9f9db6844cb4c85c4b560f5df098f5e0587b34b7ba1022a835d,18065,,2026-09-30T15:56:17.957423+00:00,,,"[{""backup_set_id"": ""WU088_V2_CONTENT_PART_UNION"", ""object_id"": ""1KpfvR1QJUcf206bMcK4kpuxhJVNigHci"", ""provider"": ""drive""}, {""backup_set_id"": ""WU088_V2_CONTENT_PART_UNION"", ""object_id"": ""1Dkc4zY1biPnXg0Ocn3YvPi1yQCHOP6px"", ""provider"": ""drive""}, {""backup_set_id"": ""WU088_V2_CONTENT_PART_UNION"", ""object_id"": ""id:BSpOijBcT10AAAAAADw7fw"", ""provider"": ""dropbox""}, {""backup_set_id"": ""WU088_V2_CONTENT_PART_UNION"", ""object_id"": ""id:BSpOijBcT10AAAAAADw7gA"", ""provider"": ""dropbox""}]",0,,,URL27,effective_sources + versioned source/asset evidence; historical tables preserved,0
