record_id,source_id,parent_record_id,historical_status,representation
C01,C01,,ACQUIRED,SOURCE_ARCHIVE_SNAPSHOT
C02,C02,,ACQUIRED,SOURCE_ARCHIVE_SNAPSHOT
C03,C03,,ACQUIRED,SOURCE_ARCHIVE_SNAPSHOT
C04,C04,,ACQUIRED,SOURCE_ARCHIVE_SNAPSHOT
C05,C05,,ACQUIRED,SOURCE_ARCHIVE_SNAPSHOT
C06,C06,,ACQUIRED,SOURCE_ARCHIVE_SNAPSHOT
C07,C07,,ACQUIRED,SOURCE_ARCHIVE_SNAPSHOT
C08,C08,,ACQUIRED,SOURCE_ARCHIVE_SNAPSHOT
C09,C09,,ACQUIRED,SOURCE_ARCHIVE_SNAPSHOT
C10,C10,,ACQUIRED,SOURCE_ARCHIVE_SNAPSHOT
C11,C11,,NOT_ACQUIRED_PERSONAL_PAID_LICENSE_REQUIRED,
C11-R2,C11,C11,NOT_ACQUIRED_PERSONAL_PAID_LICENSE_REQUIRED,metadata_only
C12,C12,,NO_EXACT_IMPLEMENTATION_IDENTIFIED_BY_SURVEY,
C12-MANUAL-R2,C12,C12,ACQUIRED,official_manual
C12-WEB-R2,C12,C12,ACQUIRED,web_snapshot
C13,C13,,ACQUIRED,HTML_OR_TEXT_SNAPSHOT
C14,C14,,ACQUIRED,official_source_archive
C14-DOCS-R2,C14,C14,ACQUIRED,web_snapshot
D01,D01,,ACQUIRED,
D02,D02,,ACQUIRED,PDF_BYTES_TITLE_NOT_YET_VERIFIED
D03,D03,,ACQUIRED,PDF_BYTES_TITLE_NOT_YET_VERIFIED
D04,D04,,ACQUIRED,PDF_BYTES_TITLE_NOT_YET_VERIFIED
D05,D05,,ACQUIRED,HTML_OR_TEXT_SNAPSHOT
D06,D06,,ACQUIRED,HTML_OR_TEXT_SNAPSHOT
D07,D07,,ACQUIRED,HTML_OR_TEXT_SNAPSHOT
D08,D08,,ACQUIRED,HTML_OR_TEXT_SNAPSHOT
D09,D09,,ACQUIRED,HTML_OR_TEXT_SNAPSHOT
D10,D10,,ACQUIRED,HTML_OR_TEXT_SNAPSHOT
P01,P01,,ACQUIRED,PDF_BYTES_TITLE_NOT_YET_VERIFIED
P02,P02,,ACQUIRED,PDF_BYTES_TITLE_NOT_YET_VERIFIED
P03,P03,,ACQUIRED,PDF_BYTES_TITLE_NOT_YET_VERIFIED
P04,P04,,METADATA_ONLY,
P04-R2,P04,P04,ACQUIRED,author_manuscript
P05,P05,,ACQUIRED,
P06,P06,,NOT_ACQUIRED,
P06-R2,P06,P06,ACQUIRED,institutional_repository
P07,P07,,ACQUIRED,
P08,P08,,ACQUIRED,PDF_BYTES_TITLE_NOT_YET_VERIFIED
P09,P09,,ACQUIRED,PDF_BYTES_TITLE_NOT_YET_VERIFIED
P10,P10,,ACQUIRED,PDF_BYTES_TITLE_NOT_YET_VERIFIED
P11,P11,,ACQUIRED,PDF_BYTES_TITLE_NOT_YET_VERIFIED
S01,S01,,ACQUIRED,HTML_OR_TEXT_SNAPSHOT
S02,S02,,ACQUIRED,HTML_OR_TEXT_SNAPSHOT
S03,S03,,ACQUIRED,HTML_OR_TEXT_SNAPSHOT
S04,S04,,ACQUIRED,HTML_OR_TEXT_SNAPSHOT
S05,S05,,ACQUIRED,HTML_OR_TEXT_SNAPSHOT
S06,S06,,ACQUIRED,HTML_OR_TEXT_SNAPSHOT
URL01,URL01,,ACQUIRED,HTML_OR_TEXT_SNAPSHOT
URL02,URL02,,ACQUIRED,HTML_OR_TEXT_SNAPSHOT
URL03,URL03,,ACQUIRED,HTML_OR_TEXT_SNAPSHOT
URL04,URL04,,ACQUIRED,HTML_OR_TEXT_SNAPSHOT
URL05,URL05,,ACQUIRED,HTML_OR_TEXT_SNAPSHOT
URL06,URL06,,ACQUIRED,HTML_OR_TEXT_SNAPSHOT
URL07,URL07,,ACQUIRED,HTML_OR_TEXT_SNAPSHOT
URL08,URL08,,ACQUIRED,HTML_OR_TEXT_SNAPSHOT
URL09,URL09,,ACQUIRED,HTML_OR_TEXT_SNAPSHOT
URL10,URL10,,NOT_ACQUIRED,
URL10-R2,URL10,URL10,ACQUIRED_EQUIVALENT_CONTENT_REFERENCE,PDF_BYTES_TITLE_NOT_YET_VERIFIED
URL11,URL11,,NOT_ACQUIRED,
URL11-R2,URL11,URL11,ACQUIRED_EQUIVALENT_CONTENT_REFERENCE,institutional_repository
URL12,URL12,,ACQUIRED,HTML_OR_TEXT_SNAPSHOT
URL13,URL13,,ACQUIRED,HTML_OR_TEXT_SNAPSHOT
URL14,URL14,,ACQUIRED,HTML_OR_TEXT_SNAPSHOT
URL15,URL15,,ACQUIRED,HTML_OR_TEXT_SNAPSHOT
URL16,URL16,,ACQUIRED,HTML_OR_TEXT_SNAPSHOT
URL17,URL17,,ACQUIRED,HTML_OR_TEXT_SNAPSHOT
URL18,URL18,,ACQUIRED,HTML_OR_TEXT_SNAPSHOT
URL19,URL19,,ACQUIRED,HTML_OR_TEXT_SNAPSHOT
URL20,URL20,,ACQUIRED,HTML_OR_TEXT_SNAPSHOT
URL21,URL21,,ACQUIRED,HTML_OR_TEXT_SNAPSHOT
URL22,URL22,,ACQUIRED,HTML_OR_TEXT_SNAPSHOT
URL23,URL23,,ACQUIRED,HTML_OR_TEXT_SNAPSHOT
URL24,URL24,,NOT_ACQUIRED,
URL24-R2,URL24,URL24,ACQUIRED_EQUIVALENT_CONTENT_REFERENCE,existing_full_text
URL25,URL25,,NOT_ACQUIRED,
URL25-R2,URL25,URL25,ACQUIRED_EQUIVALENT_CONTENT_REFERENCE,PDF_BYTES_TITLE_NOT_YET_VERIFIED
URL26,URL26,,NOT_ACQUIRED,
URL26-R2,URL26,URL26,ACQUIRED_EQUIVALENT_CONTENT_REFERENCE,author_manuscript
URL27,URL27,,ACQUIRED,HTML_OR_TEXT_SNAPSHOT
