source_id,asset_id,link_role,evidence_origin
C01,C01-A01,DIRECT_OR_VERSIONED_PAYLOAD,assets.source_id
C02,C02-A01,DIRECT_OR_VERSIONED_PAYLOAD,assets.source_id
C03,C03-A01,DIRECT_OR_VERSIONED_PAYLOAD,assets.source_id
C04,C04-A01,DIRECT_OR_VERSIONED_PAYLOAD,assets.source_id
C05,C05-A01,DIRECT_OR_VERSIONED_PAYLOAD,assets.source_id
C06,C06-A01,DIRECT_OR_VERSIONED_PAYLOAD,assets.source_id
C07,C07-A01,DIRECT_OR_VERSIONED_PAYLOAD,assets.source_id
C08,C08-A01,DIRECT_OR_VERSIONED_PAYLOAD,assets.source_id
C09,C09-A01,DIRECT_OR_VERSIONED_PAYLOAD,assets.source_id
C10,C10-A01,DIRECT_OR_VERSIONED_PAYLOAD,assets.source_id
C12,C12-MANUAL-R2-A1,DIRECT_OR_VERSIONED_PAYLOAD,assets.source_id
C12,C12-WEB-R2-A1,DIRECT_OR_VERSIONED_PAYLOAD,assets.source_id
C13,C13-A01,DIRECT_OR_VERSIONED_PAYLOAD,assets.source_id
C14,C14-A1,DIRECT_OR_VERSIONED_PAYLOAD,assets.source_id
C14,C14-DOCS-R2-A1,DIRECT_OR_VERSIONED_PAYLOAD,assets.source_id
D01,D01-A01,DIRECT_OR_VERSIONED_PAYLOAD,assets.source_id
D02,D02-A01,DIRECT_OR_VERSIONED_PAYLOAD,assets.source_id
D03,D03-A01,DIRECT_OR_VERSIONED_PAYLOAD,assets.source_id
D04,D04-A01,DIRECT_OR_VERSIONED_PAYLOAD,assets.source_id
D05,D05-A01,DIRECT_OR_VERSIONED_PAYLOAD,assets.source_id
D06,D06-A01,DIRECT_OR_VERSIONED_PAYLOAD,assets.source_id
D07,D07-A01,DIRECT_OR_VERSIONED_PAYLOAD,assets.source_id
D08,D08-A01,DIRECT_OR_VERSIONED_PAYLOAD,assets.source_id
D09,D09-A01,DIRECT_OR_VERSIONED_PAYLOAD,assets.source_id
D10,D10-A01,DIRECT_OR_VERSIONED_PAYLOAD,assets.source_id
P01,P01-A01,DIRECT_OR_VERSIONED_PAYLOAD,assets.source_id
P02,P02-A01,DIRECT_OR_VERSIONED_PAYLOAD,assets.source_id
P03,P03-A01,DIRECT_OR_VERSIONED_PAYLOAD,assets.source_id
P04,P04-A01,DIRECT_OR_VERSIONED_PAYLOAD,assets.source_id
P04,P04-R2-A1,DIRECT_OR_VERSIONED_PAYLOAD,assets.source_id
P05,P05-A01,DIRECT_OR_VERSIONED_PAYLOAD,assets.source_id
P06,P06-R2-A1,DIRECT_OR_VERSIONED_PAYLOAD,assets.source_id
P07,P07-A01,DIRECT_OR_VERSIONED_PAYLOAD,assets.source_id
P07,P07-A02,DIRECT_OR_VERSIONED_PAYLOAD,assets.source_id
P08,P08-A01,DIRECT_OR_VERSIONED_PAYLOAD,assets.source_id
P09,P09-A01,DIRECT_OR_VERSIONED_PAYLOAD,assets.source_id
P10,P10-A01,DIRECT_OR_VERSIONED_PAYLOAD,assets.source_id
P11,P11-A01,DIRECT_OR_VERSIONED_PAYLOAD,assets.source_id
S01,S01-A01,DIRECT_OR_VERSIONED_PAYLOAD,assets.source_id
S02,S02-A01,DIRECT_OR_VERSIONED_PAYLOAD,assets.source_id
S03,S03-A01,DIRECT_OR_VERSIONED_PAYLOAD,assets.source_id
S04,S04-A01,DIRECT_OR_VERSIONED_PAYLOAD,assets.source_id
S05,S05-A01,DIRECT_OR_VERSIONED_PAYLOAD,assets.source_id
S06,S06-A01,DIRECT_OR_VERSIONED_PAYLOAD,assets.source_id
URL01,URL01-A01,DIRECT_OR_VERSIONED_PAYLOAD,assets.source_id
URL02,URL02-A01,DIRECT_OR_VERSIONED_PAYLOAD,assets.source_id
URL03,URL03-A01,DIRECT_OR_VERSIONED_PAYLOAD,assets.source_id
URL04,URL04-A01,DIRECT_OR_VERSIONED_PAYLOAD,assets.source_id
URL05,URL05-A01,DIRECT_OR_VERSIONED_PAYLOAD,assets.source_id
URL06,URL06-A01,DIRECT_OR_VERSIONED_PAYLOAD,assets.source_id
URL07,URL07-A01,DIRECT_OR_VERSIONED_PAYLOAD,assets.source_id
URL08,URL08-A01,DIRECT_OR_VERSIONED_PAYLOAD,assets.source_id
URL09,URL09-A01,DIRECT_OR_VERSIONED_PAYLOAD,assets.source_id
URL10,P08-A01,EQUIVALENT_CONTENT_REFERENCE,catalog/recovery_updates.json
URL11,P06-R2-A1,EQUIVALENT_CONTENT_REFERENCE,catalog/recovery_updates.json
URL12,URL12-A01,DIRECT_OR_VERSIONED_PAYLOAD,assets.source_id
URL13,URL13-A01,DIRECT_OR_VERSIONED_PAYLOAD,assets.source_id
URL14,URL14-A01,DIRECT_OR_VERSIONED_PAYLOAD,assets.source_id
URL15,URL15-A01,DIRECT_OR_VERSIONED_PAYLOAD,assets.source_id
URL16,URL16-A01,DIRECT_OR_VERSIONED_PAYLOAD,assets.source_id
URL17,URL17-A01,DIRECT_OR_VERSIONED_PAYLOAD,assets.source_id
URL18,URL18-A01,DIRECT_OR_VERSIONED_PAYLOAD,assets.source_id
URL19,URL19-A01,DIRECT_OR_VERSIONED_PAYLOAD,assets.source_id
URL20,URL20-A01,DIRECT_OR_VERSIONED_PAYLOAD,assets.source_id
URL21,URL21-A01,DIRECT_OR_VERSIONED_PAYLOAD,assets.source_id
URL22,URL22-A01,DIRECT_OR_VERSIONED_PAYLOAD,assets.source_id
URL23,URL23-A01,DIRECT_OR_VERSIONED_PAYLOAD,assets.source_id
URL24,P05-A01,EQUIVALENT_CONTENT_REFERENCE,catalog/recovery_updates.json
URL25,P09-A01,EQUIVALENT_CONTENT_REFERENCE,catalog/recovery_updates.json
URL26,P04-R2-A1,EQUIVALENT_CONTENT_REFERENCE,catalog/recovery_updates.json
URL27,URL27-A01,DIRECT_OR_VERSIONED_PAYLOAD,assets.source_id
